[23:39:13 INFO]: [Chunky] Loading server plugin Chunky v1.5.3
[23:39:18 INFO]: [Chunky] Enabling Chunky v1.5.3
[23:39:41 INFO]: [Chunky] Task running for world. Processed: 2 chunks (0.00%), ETA: 9:05:56, Rate: 1.8 cps, Current: 1, 1
[23:39:42 INFO]: [Chunky] Task running for world. Processed: 34 chunks (0.06%), ETA: 1:06:23, Rate: 14.6 cps, Current: 3, 2
[23:39:43 INFO]: [Chunky] Task running for world. Processed: 68 chunks (0.12%), ETA: 0:49:26, Rate: 19.6 cps, Current: 10, 2
[23:39:44 INFO]: [Chunky] Task running for world. Processed: 118 chunks (0.20%), ETA: 0:37:34, Rate: 25.7 cps, Current: 9, 7
[23:39:45 INFO]: [Chunky] Task running for world. Processed: 154 chunks (0.27%), ETA: 0:35:03, Rate: 27.5 cps, Current: 13, 12
[23:39:46 INFO]: [Chunky] Task running for world. Processed: 188 chunks (0.32%), ETA: 0:33:50, Rate: 28.5 cps, Current: 8, 14
[23:39:47 INFO]: [Chunky] Task running for world. Processed: 241 chunks (0.41%), ETA: 0:30:42, Rate: 31.4 cps, Current: 2, 12
[23:39:48 INFO]: [Chunky] Task running for world. Processed: 274 chunks (0.47%), ETA: 0:30:30, Rate: 31.6 cps, Current: 6, 18
[23:39:49 INFO]: [Chunky] Task running for world. Processed: 308 chunks (0.53%), ETA: 0:30:59, Rate: 31.1 cps, Current: 7, 21
[23:39:50 INFO]: [Chunky] Task running for world. Processed: 342 chunks (0.59%), ETA: 0:30:45, Rate: 31.3 cps, Current: 1, 30
[23:39:51 INFO]: [Chunky] Task running for world. Processed: 378 chunks (0.65%), ETA: 0:30:22, Rate: 31.7 cps, Current: 4, 31
[23:39:52 INFO]: [Chunky] Task running for world. Processed: 414 chunks (0.71%), ETA: 0:30:07, Rate: 31.9 cps, Current: 12, 28
[23:39:53 INFO]: [Chunky] Task running for world. Processed: 461 chunks (0.79%), ETA: 0:29:08, Rate: 32.9 cps, Current: 8, 18
[23:39:55 INFO]: [Chunky] Task running for world. Processed: 516 chunks (0.89%), ETA: 0:28:09, Rate: 34.1 cps, Current: 16, 19
[23:39:56 INFO]: [Chunky] Task running for world. Processed: 562 chunks (0.97%), ETA: 0:27:38, Rate: 34.7 cps, Current: 17, 23
[23:39:57 INFO]: [Chunky] Task running for world. Processed: 619 chunks (1.07%), ETA: 0:26:40, Rate: 35.9 cps, Current: 23, 24
[23:39:58 INFO]: [Chunky] Task running for world. Processed: 657 chunks (1.13%), ETA: 0:26:36, Rate: 36.0 cps, Current: 24, 30
[23:39:59 INFO]: [Chunky] Task running for world. Processed: 698 chunks (1.20%), ETA: 0:26:23, Rate: 36.2 cps, Current: 30, 26
[23:40:00 INFO]: [Chunky] Task running for world. Processed: 754 chunks (1.30%), ETA: 0:25:43, Rate: 37.1 cps, Current: 25, 16
[23:40:01 INFO]: [Chunky] Task running for world. Processed: 772 chunks (1.33%), ETA: 0:26:32, Rate: 36.0 cps, Current: 29, 12
[23:40:02 INFO]: [Chunky] Task running for world. Processed: 824 chunks (1.42%), ETA: 0:26:02, Rate: 36.6 cps, Current: 22, 15
[23:40:03 INFO]: [Chunky] Task running for world. Processed: 858 chunks (1.48%), ETA: 0:26:07, Rate: 36.5 cps, Current: 23, 12
[23:40:04 INFO]: [Chunky] Task running for world. Processed: 929 chunks (1.60%), ETA: 0:25:09, Rate: 37.9 cps, Current: 18, 3
[23:40:05 INFO]: [Chunky] Task running for world. Processed: 988 chunks (1.70%), ETA: 0:24:37, Rate: 38.7 cps, Current: 22, 0
[23:40:06 INFO]: [Chunky] Task running for world. Processed: 1038 chunks (1.79%), ETA: 0:24:23, Rate: 39.0 cps, Current: 29, 0
[23:40:07 INFO]: [Chunky] Task running for world. Processed: 1064 chunks (1.83%), ETA: 0:24:40, Rate: 38.5 cps, Current: 37, 3
[23:40:08 INFO]: [Chunky] Task running for world. Processed: 1091 chunks (1.88%), ETA: 0:24:58, Rate: 38.0 cps, Current: 41, 1
[23:40:09 INFO]: [Chunky] Task running for world. Processed: 1144 chunks (1.97%), ETA: 0:24:40, Rate: 38.5 cps, Current: 41, 7
[23:40:10 INFO]: [Chunky] Task running for world. Processed: 1184 chunks (2.04%), ETA: 0:23:46, Rate: 39.9 cps, Current: 47, 9
[23:40:11 INFO]: [Chunky] Task running for world. Processed: 1245 chunks (2.14%), ETA: 0:23:02, Rate: 41.1 cps, Current: 42, 15
[23:40:12 INFO]: [Chunky] Task running for world. Processed: 1306 chunks (2.25%), ETA: 0:22:25, Rate: 42.2 cps, Current: 35, 20
[23:40:13 INFO]: [Chunky] Task running for world. Processed: 1361 chunks (2.34%), ETA: 0:22:16, Rate: 42.5 cps, Current: 34, 26
[23:40:14 INFO]: [Chunky] Task running for world. Processed: 1412 chunks (2.43%), ETA: 0:21:59, Rate: 43.0 cps, Current: 39, 30
[23:40:15 INFO]: [Chunky] Task running for world. Processed: 1454 chunks (2.50%), ETA: 0:21:52, Rate: 43.1 cps, Current: 46, 30
[23:40:16 INFO]: [Chunky] Task running for world. Processed: 1537 chunks (2.65%), ETA: 0:21:17, Rate: 44.2 cps, Current: 48, 16
[23:40:17 INFO]: [Chunky] Task running for world. Processed: 1580 chunks (2.72%), ETA: 0:21:09, Rate: 44.5 cps, Current: 53, 22
[23:40:18 INFO]: [Chunky] Task running for world. Processed: 1635 chunks (2.82%), ETA: 0:20:38, Rate: 45.6 cps, Current: 53, 24
[23:40:19 INFO]: [Chunky] Task running for world. Processed: 1674 chunks (2.88%), ETA: 0:20:33, Rate: 45.7 cps, Current: 57, 27
[23:40:20 INFO]: [Chunky] Task running for world. Processed: 1714 chunks (2.95%), ETA: 0:20:30, Rate: 45.8 cps, Current: 62, 27
[23:40:22 INFO]: [Chunky] Task running for world. Processed: 1779 chunks (3.06%), ETA: 0:20:03, Rate: 46.8 cps, Current: 58, 16
[23:40:23 INFO]: [Chunky] Task running for world. Processed: 1803 chunks (3.10%), ETA: 0:20:23, Rate: 46.0 cps, Current: 63, 17
[23:40:24 INFO]: [Chunky] Task running for world. Processed: 1847 chunks (3.18%), ETA: 0:20:26, Rate: 45.9 cps, Current: 54, 15
[23:40:25 INFO]: [Chunky] Task running for world. Processed: 1922 chunks (3.31%), ETA: 0:19:57, Rate: 46.9 cps, Current: 54, 7
[23:40:26 INFO]: [Chunky] Task running for world. Processed: 1983 chunks (3.41%), ETA: 0:19:52, Rate: 47.0 cps, Current: 57, 2
[23:40:27 INFO]: [Chunky] Task running for world. Processed: 2032 chunks (3.50%), ETA: 0:19:41, Rate: 47.4 cps, Current: 61, 3
[23:40:28 INFO]: [Chunky] Task running for world. Processed: 2048 chunks (3.53%), ETA: 0:20:05, Rate: 46.5 cps, Current: 34, -29
[23:40:29 INFO]: [Chunky] Task running for world. Processed: 2077 chunks (3.58%), ETA: 0:20:29, Rate: 45.6 cps, Current: 32, -27
[23:40:30 INFO]: [Chunky] Task running for world. Processed: 2116 chunks (3.64%), ETA: 0:20:06, Rate: 46.4 cps, Current: 41, -31
[23:40:31 INFO]: [Chunky] Task running for world. Processed: 2171 chunks (3.74%), ETA: 0:19:57, Rate: 46.7 cps, Current: 42, -25
[23:40:32 INFO]: [Chunky] Task running for world. Processed: 2207 chunks (3.80%), ETA: 0:20:10, Rate: 46.1 cps, Current: 46, -21
[23:40:33 INFO]: [Chunky] Task running for world. Processed: 2262 chunks (3.89%), ETA: 0:19:51, Rate: 46.9 cps, Current: 41, -17
[23:40:34 INFO]: [Chunky] Task running for world. Processed: 2312 chunks (3.98%), ETA: 0:20:06, Rate: 46.2 cps, Current: 32, -21
[23:40:35 INFO]: [Chunky] Task running for world. Processed: 2341 chunks (4.03%), ETA: 0:20:32, Rate: 45.2 cps, Current: 36, -11
[23:40:36 INFO]: [Chunky] Task running for world. Processed: 2386 chunks (4.11%), ETA: 0:20:34, Rate: 45.1 cps, Current: 35, -2
[23:40:37 INFO]: [Chunky] Task running for world. Processed: 2460 chunks (4.24%), ETA: 0:19:49, Rate: 46.7 cps, Current: 43, -2
[23:40:38 INFO]: [Chunky] Task running for world. Processed: 2531 chunks (4.36%), ETA: 0:19:11, Rate: 48.2 cps, Current: 43, -16
[23:40:39 INFO]: [Chunky] Task running for world. Processed: 2571 chunks (4.43%), ETA: 0:19:20, Rate: 47.9 cps, Current: 49, -13
[23:40:40 INFO]: [Chunky] Task running for world. Processed: 2622 chunks (4.51%), ETA: 0:19:09, Rate: 48.2 cps, Current: 55, -16
[23:40:41 INFO]: [Chunky] Task running for world. Processed: 2699 chunks (4.65%), ETA: 0:18:54, Rate: 48.8 cps, Current: 57, -5
[23:40:42 INFO]: [Chunky] Task running for world. Processed: 2756 chunks (4.75%), ETA: 0:18:56, Rate: 48.7 cps, Current: 63, -3
[23:40:43 INFO]: [Chunky] Task running for world. Processed: 2806 chunks (4.83%), ETA: 0:18:58, Rate: 48.6 cps, Current: 59, -16
[23:40:44 INFO]: [Chunky] Task running for world. Processed: 2831 chunks (4.87%), ETA: 0:19:18, Rate: 47.7 cps, Current: 62, -21
[23:40:45 INFO]: [Chunky] Task running for world. Processed: 2884 chunks (4.97%), ETA: 0:19:08, Rate: 48.1 cps, Current: 53, -18
[23:40:46 INFO]: [Chunky] Task running for world. Processed: 2964 chunks (5.10%), ETA: 0:19:08, Rate: 48.0 cps, Current: 55, -26
[23:40:47 INFO]: [Chunky] Task running for world. Processed: 3020 chunks (5.20%), ETA: 0:18:55, Rate: 48.5 cps, Current: 57, -31
[23:40:48 INFO]: [Chunky] Task running for world. Processed: 3059 chunks (5.27%), ETA: 0:19:07, Rate: 48.0 cps, Current: 61, -30
[23:40:49 INFO]: [Chunky] Task running for world. Processed: 3072 chunks (5.29%), ETA: 0:19:29, Rate: 47.1 cps, Current: 62, -32
[23:40:50 INFO]: [Chunky] Task running for world. Processed: 3097 chunks (5.33%), ETA: 0:19:42, Rate: 46.5 cps, Current: 0, -30
[23:40:51 INFO]: [Chunky] Task running for world. Processed: 3136 chunks (5.40%), ETA: 0:20:03, Rate: 45.7 cps, Current: 9, -30
[23:40:52 INFO]: [Chunky] Task running for world. Processed: 3177 chunks (5.47%), ETA: 0:19:48, Rate: 46.2 cps, Current: 8, -26
[23:40:53 INFO]: [Chunky] Task running for world. Processed: 3218 chunks (5.54%), ETA: 0:19:52, Rate: 46.0 cps, Current: 13, -22
[23:40:54 INFO]: [Chunky] Task running for world. Processed: 3260 chunks (5.61%), ETA: 0:20:19, Rate: 45.0 cps, Current: 15, -18
[23:40:55 INFO]: [Chunky] Task running for world. Processed: 3317 chunks (5.71%), ETA: 0:20:20, Rate: 44.9 cps, Current: 2, -18
[23:40:56 INFO]: [Chunky] Task running for world. Processed: 3353 chunks (5.77%), ETA: 0:20:31, Rate: 44.4 cps, Current: 4, -13
[23:40:57 INFO]: [Chunky] Task running for world. Processed: 3380 chunks (5.82%), ETA: 0:20:19, Rate: 44.9 cps, Current: 2, -9
[23:40:58 INFO]: [Chunky] Task running for world. Processed: 3467 chunks (5.97%), ETA: 0:19:26, Rate: 46.8 cps, Current: 9, -5
[23:40:59 INFO]: [Chunky] Task running for world. Processed: 3540 chunks (6.09%), ETA: 0:18:54, Rate: 48.1 cps, Current: 15, -4
[23:41:01 INFO]: [Chunky] Task running for world. Processed: 3587 chunks (6.18%), ETA: 0:19:04, Rate: 47.6 cps, Current: 16, -14
[23:41:02 INFO]: [Chunky] Task running for world. Processed: 3635 chunks (6.26%), ETA: 0:18:52, Rate: 48.1 cps, Current: 16, -6
[23:41:03 INFO]: [Chunky] Task running for world. Processed: 3708 chunks (6.38%), ETA: 0:18:37, Rate: 48.6 cps, Current: 23, -2
[23:41:04 INFO]: [Chunky] Task running for world. Processed: 3822 chunks (6.58%), ETA: 0:17:48, Rate: 50.8 cps, Current: 26, -14
[23:41:05 INFO]: [Chunky] Task running for world. Processed: 3882 chunks (6.68%), ETA: 0:17:29, Rate: 51.6 cps, Current: 25, -17
[23:41:06 INFO]: [Chunky] Task running for world. Processed: 3970 chunks (6.84%), ETA: 0:17:01, Rate: 53.0 cps, Current: 22, -25
[23:41:07 INFO]: [Chunky] Task running for world. Processed: 4040 chunks (6.96%), ETA: 0:17:02, Rate: 52.8 cps, Current: 22, -31
[23:41:09 INFO]: [Chunky] Task running for world. Processed: 4097 chunks (7.05%), ETA: 0:17:45, Rate: 50.7 cps, Current: -30, -27
[23:41:10 INFO]: [Chunky] Task running for world. Processed: 4129 chunks (7.11%), ETA: 0:18:20, Rate: 49.0 cps, Current: -29, -32
[23:41:11 INFO]: [Chunky] Task running for world. Processed: 4162 chunks (7.17%), ETA: 0:18:38, Rate: 48.2 cps, Current: -23, -30
[23:41:12 INFO]: [Chunky] Task running for world. Processed: 4215 chunks (7.26%), ETA: 0:18:34, Rate: 48.3 cps, Current: -17, -29
[23:41:13 INFO]: [Chunky] Task running for world. Processed: 4258 chunks (7.33%), ETA: 0:18:20, Rate: 48.9 cps, Current: -18, -21
[23:41:14 INFO]: [Chunky] Task running for world. Processed: 4311 chunks (7.42%), ETA: 0:18:19, Rate: 48.9 cps, Current: -29, -24
[23:41:15 INFO]: [Chunky] Task running for world. Processed: 4352 chunks (7.49%), ETA: 0:18:52, Rate: 47.5 cps, Current: -31, -18
[23:41:16 INFO]: [Chunky] Task running for world. Processed: 4387 chunks (7.55%), ETA: 0:19:09, Rate: 46.7 cps, Current: -29, -12
[23:41:17 INFO]: [Chunky] Task running for world. Processed: 4409 chunks (7.59%), ETA: 0:19:23, Rate: 46.1 cps, Current: -31, -9
[23:41:18 INFO]: [Chunky] Task running for world. Processed: 4446 chunks (7.65%), ETA: 0:19:00, Rate: 47.0 cps, Current: -27, -7
[23:41:19 INFO]: [Chunky] Task running for world. Processed: 4494 chunks (7.74%), ETA: 0:18:39, Rate: 47.9 cps, Current: -22, -5
[23:41:21 INFO]: [Chunky] Task running for world. Processed: 4531 chunks (7.80%), ETA: 0:18:41, Rate: 47.8 cps, Current: -19, -9
[23:41:22 INFO]: [Chunky] Task running for world. Processed: 4609 chunks (7.94%), ETA: 0:18:12, Rate: 48.9 cps, Current: -16, -16
[23:41:23 INFO]: [Chunky] Task running for world. Processed: 4654 chunks (8.01%), ETA: 0:18:11, Rate: 49.0 cps, Current: -13, -16
[23:41:24 INFO]: [Chunky] Task running for world. Processed: 4708 chunks (8.11%), ETA: 0:18:04, Rate: 49.2 cps, Current: -12, -3
[23:41:25 INFO]: [Chunky] Task running for world. Processed: 4746 chunks (8.17%), ETA: 0:18:18, Rate: 48.5 cps, Current: -8, -3
[23:41:26 INFO]: [Chunky] Task running for world. Processed: 4851 chunks (8.35%), ETA: 0:17:28, Rate: 50.8 cps, Current: -1, -15
[23:41:27 INFO]: [Chunky] Task running for world. Processed: 4906 chunks (8.45%), ETA: 0:17:07, Rate: 51.7 cps, Current: -7, -17
[23:41:28 INFO]: [Chunky] Task running for world. Processed: 4994 chunks (8.60%), ETA: 0:17:07, Rate: 51.7 cps, Current: -10, -25
[23:41:29 INFO]: [Chunky] Task running for world. Processed: 5052 chunks (8.70%), ETA: 0:17:16, Rate: 51.1 cps, Current: -9, -30
[23:41:30 INFO]: [Chunky] Task running for world. Processed: 5121 chunks (8.82%), ETA: 0:17:09, Rate: 51.5 cps, Current: -31, 0
[23:41:32 INFO]: [Chunky] Task running for world. Processed: 5155 chunks (8.88%), ETA: 0:17:21, Rate: 50.8 cps, Current: -26, 0
[23:41:33 INFO]: [Chunky] Task running for world. Processed: 5200 chunks (8.95%), ETA: 0:18:34, Rate: 47.5 cps, Current: -24, 3
[23:41:34 INFO]: [Chunky] Task running for world. Processed: 5261 chunks (9.06%), ETA: 0:18:28, Rate: 47.7 cps, Current: -19, 9
[23:41:35 INFO]: [Chunky] Task running for world. Processed: 5299 chunks (9.12%), ETA: 0:18:35, Rate: 47.3 cps, Current: -25, 13
[23:41:36 INFO]: [Chunky] Task running for world. Processed: 5354 chunks (9.22%), ETA: 0:18:59, Rate: 46.3 cps, Current: -28, 15
[23:41:37 INFO]: [Chunky] Task running for world. Processed: 5393 chunks (9.29%), ETA: 0:18:44, Rate: 46.9 cps, Current: -25, 17
[23:41:38 INFO]: [Chunky] Task running for world. Processed: 5426 chunks (9.34%), ETA: 0:18:56, Rate: 46.3 cps, Current: -25, 20
[23:41:39 INFO]: [Chunky] Task running for world. Processed: 5453 chunks (9.39%), ETA: 0:19:13, Rate: 45.6 cps, Current: -31, 28
[23:41:40 INFO]: [Chunky] Task running for world. Processed: 5501 chunks (9.47%), ETA: 0:18:56, Rate: 46.2 cps, Current: -25, 28
[23:41:41 INFO]: [Chunky] Task running for world. Processed: 5546 chunks (9.55%), ETA: 0:18:46, Rate: 46.6 cps, Current: -22, 31
[23:41:42 INFO]: [Chunky] Task running for world. Processed: 5633 chunks (9.70%), ETA: 0:18:25, Rate: 47.4 cps, Current: -16, 17
[23:41:43 INFO]: [Chunky] Task running for world. Processed: 5663 chunks (9.75%), ETA: 0:18:33, Rate: 47.1 cps, Current: -16, 22
[23:41:44 INFO]: [Chunky] Task running for world. Processed: 5715 chunks (9.84%), ETA: 0:18:32, Rate: 47.1 cps, Current: -14, 27
[23:41:45 INFO]: [Chunky] Task running for world. Processed: 5756 chunks (9.91%), ETA: 0:18:34, Rate: 47.0 cps, Current: -7, 24
[23:41:46 INFO]: [Chunky] Task running for world. Processed: 5846 chunks (10.07%), ETA: 0:17:49, Rate: 48.8 cps, Current: -1, 20
[23:41:47 INFO]: [Chunky] Task running for world. Processed: 5903 chunks (10.16%), ETA: 0:17:24, Rate: 50.0 cps, Current: -3, 13
[23:41:48 INFO]: [Chunky] Task running for world. Processed: 5960 chunks (10.26%), ETA: 0:17:11, Rate: 50.5 cps, Current: -8, 13
[23:41:49 INFO]: [Chunky] Task running for world. Processed: 6043 chunks (10.40%), ETA: 0:16:36, Rate: 52.2 cps, Current: -10, 6
[23:41:51 INFO]: [Chunky] Task running for world. Processed: 6145 chunks (10.58%), ETA: 0:16:36, Rate: 52.1 cps, Current: -31, 32
[23:41:52 INFO]: [Chunky] Task running for world. Processed: 6195 chunks (10.67%), ETA: 0:16:33, Rate: 52.2 cps, Current: -32, 35
[23:41:53 INFO]: [Chunky] Task running for world. Processed: 6255 chunks (10.77%), ETA: 0:16:20, Rate: 52.8 cps, Current: -23, 38
[23:41:54 INFO]: [Chunky] Task running for world. Processed: 6292 chunks (10.83%), ETA: 0:16:23, Rate: 52.6 cps, Current: -18, 41
[23:41:55 INFO]: [Chunky] Task running for world. Processed: 6330 chunks (10.90%), ETA: 0:17:02, Rate: 50.6 cps, Current: -17, 44
[23:41:56 INFO]: [Chunky] Task running for world. Processed: 6392 chunks (11.01%), ETA: 0:17:07, Rate: 50.3 cps, Current: -29, 48
[23:41:57 INFO]: [Chunky] Task running for world. Processed: 6437 chunks (11.08%), ETA: 0:17:31, Rate: 49.1 cps, Current: -28, 53
[23:41:58 INFO]: [Chunky] Task running for world. Processed: 6468 chunks (11.14%), ETA: 0:17:47, Rate: 48.4 cps, Current: -31, 57
[23:41:59 INFO]: [Chunky] Task running for world. Processed: 6522 chunks (11.23%), ETA: 0:17:46, Rate: 48.4 cps, Current: -28, 63
[23:42:00 INFO]: [Chunky] Task running for world. Processed: 6567 chunks (11.31%), ETA: 0:17:34, Rate: 48.9 cps, Current: -19, 59
[23:42:02 INFO]: [Chunky] Task running for world. Processed: 6623 chunks (11.40%), ETA: 0:17:23, Rate: 49.3 cps, Current: -22, 48
[23:42:03 INFO]: [Chunky] Task running for world. Processed: 6673 chunks (11.49%), ETA: 0:17:24, Rate: 49.2 cps, Current: -14, 49
[23:42:04 INFO]: [Chunky] Task running for world. Processed: 6736 chunks (11.60%), ETA: 0:17:22, Rate: 49.3 cps, Current: -14, 57
[23:42:05 INFO]: [Chunky] Task running for world. Processed: 6788 chunks (11.69%), ETA: 0:17:17, Rate: 49.4 cps, Current: -9, 62
[23:42:06 INFO]: [Chunky] Task running for world. Processed: 6825 chunks (11.75%), ETA: 0:17:15, Rate: 49.5 cps, Current: -3, 62
[23:42:07 INFO]: [Chunky] Task running for world. Processed: 6880 chunks (11.85%), ETA: 0:17:11, Rate: 49.6 cps, Current: -6, 52
[23:42:08 INFO]: [Chunky] Task running for world. Processed: 6914 chunks (11.90%), ETA: 0:16:55, Rate: 50.4 cps, Current: -4, 47
[23:42:09 INFO]: [Chunky] Task running for world. Processed: 6962 chunks (11.99%), ETA: 0:16:55, Rate: 50.4 cps, Current: -1, 40
[23:42:10 INFO]: [Chunky] Task running for world. Processed: 7029 chunks (12.10%), ETA: 0:16:39, Rate: 51.1 cps, Current: -9, 40
[23:42:11 INFO]: [Chunky] Task running for world. Processed: 7116 chunks (12.25%), ETA: 0:16:31, Rate: 51.4 cps, Current: -7, 33
[23:42:12 INFO]: [Chunky] Task running for world. Processed: 7187 chunks (12.37%), ETA: 0:16:08, Rate: 52.5 cps, Current: 2, 35
[23:42:13 INFO]: [Chunky] Task running for world. Processed: 7235 chunks (12.46%), ETA: 0:16:10, Rate: 52.4 cps, Current: 4, 39
[23:42:14 INFO]: [Chunky] Task running for world. Processed: 7281 chunks (12.54%), ETA: 0:16:02, Rate: 52.8 cps, Current: 14, 37
[23:42:15 INFO]: [Chunky] Task running for world. Processed: 7316 chunks (12.60%), ETA: 0:16:14, Rate: 52.1 cps, Current: 13, 43
[23:42:16 INFO]: [Chunky] Task running for world. Processed: 7354 chunks (12.66%), ETA: 0:16:52, Rate: 50.1 cps, Current: 10, 46
[23:42:17 INFO]: [Chunky] Task running for world. Processed: 7430 chunks (12.79%), ETA: 0:16:37, Rate: 50.8 cps, Current: 2, 48
[23:42:18 INFO]: [Chunky] Task running for world. Processed: 7490 chunks (12.90%), ETA: 0:16:31, Rate: 51.0 cps, Current: 7, 51
[23:42:19 INFO]: [Chunky] Task running for world. Processed: 7537 chunks (12.98%), ETA: 0:16:52, Rate: 49.9 cps, Current: 5, 62
[23:42:20 INFO]: [Chunky] Task running for world. Processed: 7583 chunks (13.06%), ETA: 0:17:09, Rate: 49.1 cps, Current: 13, 61
[23:42:21 INFO]: [Chunky] Task running for world. Processed: 7646 chunks (13.16%), ETA: 0:16:57, Rate: 49.6 cps, Current: 15, 57
[23:42:22 INFO]: [Chunky] Task running for world. Processed: 7689 chunks (13.24%), ETA: 0:17:07, Rate: 49.0 cps, Current: 17, 48
[23:42:23 INFO]: [Chunky] Task running for world. Processed: 7752 chunks (13.35%), ETA: 0:16:47, Rate: 50.0 cps, Current: 22, 55
[23:42:25 INFO]: [Chunky] Task running for world. Processed: 7802 chunks (13.43%), ETA: 0:16:40, Rate: 50.3 cps, Current: 23, 58
[23:42:26 INFO]: [Chunky] Task running for world. Processed: 7845 chunks (13.51%), ETA: 0:16:50, Rate: 49.7 cps, Current: 28, 57
[23:42:27 INFO]: [Chunky] Task running for world. Processed: 7908 chunks (13.62%), ETA: 0:16:36, Rate: 50.3 cps, Current: 28, 52
[23:42:28 INFO]: [Chunky] Task running for world. Processed: 7938 chunks (13.67%), ETA: 0:16:37, Rate: 50.2 cps, Current: 28, 47
[23:42:29 INFO]: [Chunky] Task running for world. Processed: 7980 chunks (13.74%), ETA: 0:16:44, Rate: 49.9 cps, Current: 25, 45
[23:42:30 INFO]: [Chunky] Task running for world. Processed: 8053 chunks (13.87%), ETA: 0:16:23, Rate: 50.9 cps, Current: 18, 41
[23:42:31 INFO]: [Chunky] Task running for world. Processed: 8163 chunks (14.05%), ETA: 0:15:45, Rate: 52.8 cps, Current: 30, 39
[23:42:32 INFO]: [Chunky] Task running for world. Processed: 8229 chunks (14.17%), ETA: 0:15:34, Rate: 53.3 cps, Current: 37, 33
[23:42:33 INFO]: [Chunky] Task running for world. Processed: 8283 chunks (14.26%), ETA: 0:15:39, Rate: 53.0 cps, Current: 47, 33
[23:42:34 INFO]: [Chunky] Task running for world. Processed: 8335 chunks (14.35%), ETA: 0:15:39, Rate: 53.0 cps, Current: 43, 42
[23:42:35 INFO]: [Chunky] Task running for world. Processed: 8368 chunks (14.41%), ETA: 0:15:40, Rate: 52.8 cps, Current: 45, 46
[23:42:36 INFO]: [Chunky] Task running for world. Processed: 8450 chunks (14.55%), ETA: 0:15:23, Rate: 53.7 cps, Current: 32, 49
[23:42:37 INFO]: [Chunky] Task running for world. Processed: 8507 chunks (14.65%), ETA: 0:15:06, Rate: 54.7 cps, Current: 39, 50
[23:42:38 INFO]: [Chunky] Task running for world. Processed: 8561 chunks (14.74%), ETA: 0:15:03, Rate: 54.8 cps, Current: 35, 63
[23:42:39 INFO]: [Chunky] Task running for world. Processed: 8611 chunks (14.83%), ETA: 0:15:10, Rate: 54.3 cps, Current: 45, 60
[23:42:40 INFO]: [Chunky] Task running for world. Processed: 8683 chunks (14.95%), ETA: 0:15:17, Rate: 53.9 cps, Current: 44, 48
[23:42:41 INFO]: [Chunky] Task running for world. Processed: 8720 chunks (15.01%), ETA: 0:15:31, Rate: 53.0 cps, Current: 53, 50
[23:42:42 INFO]: [Chunky] Task running for world. Processed: 8784 chunks (15.12%), ETA: 0:15:24, Rate: 53.3 cps, Current: 50, 57
[23:42:43 INFO]: [Chunky] Task running for world. Processed: 8829 chunks (15.20%), ETA: 0:15:24, Rate: 53.3 cps, Current: 55, 59
[23:42:44 INFO]: [Chunky] Task running for world. Processed: 8874 chunks (15.28%), ETA: 0:15:15, Rate: 53.7 cps, Current: 61, 58
[23:42:45 INFO]: [Chunky] Task running for world. Processed: 8931 chunks (15.38%), ETA: 0:15:02, Rate: 54.5 cps, Current: 59, 52
[23:42:46 INFO]: [Chunky] Task running for world. Processed: 8960 chunks (15.43%), ETA: 0:15:16, Rate: 53.6 cps, Current: 61, 45
[23:42:47 INFO]: [Chunky] Task running for world. Processed: 8997 chunks (15.49%), ETA: 0:15:37, Rate: 52.4 cps, Current: 63, 44
[23:42:48 INFO]: [Chunky] Task running for world. Processed: 9075 chunks (15.62%), ETA: 0:15:25, Rate: 52.9 cps, Current: 49, 41
[23:42:49 INFO]: [Chunky] Task running for world. Processed: 9156 chunks (15.76%), ETA: 0:15:04, Rate: 54.1 cps, Current: 59, 32
[23:42:50 INFO]: [Chunky] Task running for world. Processed: 9229 chunks (15.89%), ETA: 0:14:48, Rate: 55.0 cps, Current: 65, 33
[23:42:51 INFO]: [Chunky] Task running for world. Processed: 9265 chunks (15.95%), ETA: 0:14:58, Rate: 54.3 cps, Current: 68, 39
[23:42:52 INFO]: [Chunky] Task running for world. Processed: 9303 chunks (16.02%), ETA: 0:15:12, Rate: 53.5 cps, Current: 74, 36
[23:42:54 INFO]: [Chunky] Task running for world. Processed: 9352 chunks (16.10%), ETA: 0:15:10, Rate: 53.5 cps, Current: 74, 41
[23:42:55 INFO]: [Chunky] Task running for world. Processed: 9393 chunks (16.17%), ETA: 0:15:10, Rate: 53.5 cps, Current: 79, 43
[23:42:56 INFO]: [Chunky] Task running for world. Processed: 9478 chunks (16.32%), ETA: 0:14:52, Rate: 54.5 cps, Current: 66, 48
[23:42:57 INFO]: [Chunky] Task running for world. Processed: 9539 chunks (16.42%), ETA: 0:14:51, Rate: 54.4 cps, Current: 65, 58
[23:42:58 INFO]: [Chunky] Task running for world. Processed: 9597 chunks (16.52%), ETA: 0:14:33, Rate: 55.5 cps, Current: 71, 59
[23:42:59 INFO]: [Chunky] Task running for world. Processed: 9639 chunks (16.60%), ETA: 0:14:33, Rate: 55.5 cps, Current: 76, 57
[23:43:00 INFO]: [Chunky] Task running for world. Processed: 9730 chunks (16.75%), ETA: 0:14:54, Rate: 54.0 cps, Current: 80, 49
[23:43:01 INFO]: [Chunky] Task running for world. Processed: 9776 chunks (16.83%), ETA: 0:15:02, Rate: 53.5 cps, Current: 80, 56
[23:43:02 INFO]: [Chunky] Task running for world. Processed: 9839 chunks (16.94%), ETA: 0:14:57, Rate: 53.8 cps, Current: 84, 62
[23:43:03 INFO]: [Chunky] Task running for world. Processed: 9886 chunks (17.02%), ETA: 0:15:00, Rate: 53.5 cps, Current: 92, 60
[23:43:04 INFO]: [Chunky] Task running for world. Processed: 9946 chunks (17.12%), ETA: 0:14:52, Rate: 54.0 cps, Current: 88, 48
[23:43:05 INFO]: [Chunky] Task running for world. Processed: 9986 chunks (17.19%), ETA: 0:14:48, Rate: 54.1 cps, Current: 92, 47
[23:43:06 INFO]: [Chunky] Task running for world. Processed: 10039 chunks (17.28%), ETA: 0:15:03, Rate: 53.2 cps, Current: 92, 40
[23:43:07 INFO]: [Chunky] Task running for world. Processed: 10116 chunks (17.42%), ETA: 0:14:51, Rate: 53.8 cps, Current: 81, 39
[23:43:08 INFO]: [Chunky] Task running for world. Processed: 10172 chunks (17.51%), ETA: 0:14:48, Rate: 53.9 cps, Current: 87, 34
[23:43:09 INFO]: [Chunky] Task running for world. Processed: 10220 chunks (17.60%), ETA: 0:14:49, Rate: 53.8 cps, Current: 95, 38
[23:43:10 INFO]: [Chunky] Task running for world. Processed: 10254 chunks (17.65%), ETA: 0:15:08, Rate: 52.6 cps, Current: 66, 3
[23:43:11 INFO]: [Chunky] Task running for world. Processed: 10278 chunks (17.70%), ETA: 0:15:18, Rate: 52.0 cps, Current: 69, 5
[23:43:12 INFO]: [Chunky] Task running for world. Processed: 10302 chunks (17.74%), ETA: 0:15:42, Rate: 50.7 cps, Current: 74, 2
[23:43:13 INFO]: [Chunky] Task running for world. Processed: 10346 chunks (17.81%), ETA: 0:15:42, Rate: 50.6 cps, Current: 72, 6
[23:43:14 INFO]: [Chunky] Task running for world. Processed: 10386 chunks (17.88%), ETA: 0:15:42, Rate: 50.6 cps, Current: 72, 10
[23:43:15 INFO]: [Chunky] Task running for world. Processed: 10419 chunks (17.94%), ETA: 0:15:57, Rate: 49.8 cps, Current: 71, 13
[23:43:16 INFO]: [Chunky] Task running for world. Processed: 10502 chunks (18.08%), ETA: 0:15:23, Rate: 51.5 cps, Current: 66, 16
[23:43:17 INFO]: [Chunky] Task running for world. Processed: 10568 chunks (18.20%), ETA: 0:15:06, Rate: 52.4 cps, Current: 71, 19
[23:43:18 INFO]: [Chunky] Task running for world. Processed: 10657 chunks (18.35%), ETA: 0:15:15, Rate: 51.8 cps, Current: 77, 30
[23:43:19 INFO]: [Chunky] Task running for world. Processed: 10746 chunks (18.50%), ETA: 0:15:06, Rate: 52.2 cps, Current: 79, 16
[23:43:20 INFO]: [Chunky] Task running for world. Processed: 10778 chunks (18.56%), ETA: 0:15:05, Rate: 52.2 cps, Current: 81, 20
[23:43:21 INFO]: [Chunky] Task running for world. Processed: 10843 chunks (18.67%), ETA: 0:14:56, Rate: 52.7 cps, Current: 83, 30
[23:43:22 INFO]: [Chunky] Task running for world. Processed: 10909 chunks (18.78%), ETA: 0:14:39, Rate: 53.6 cps, Current: 90, 25
[23:43:23 INFO]: [Chunky] Task running for world. Processed: 10966 chunks (18.88%), ETA: 0:14:33, Rate: 53.9 cps, Current: 88, 19
[23:43:25 INFO]: [Chunky] Task running for world. Processed: 11003 chunks (18.94%), ETA: 0:14:35, Rate: 53.8 cps, Current: 95, 19
[23:43:26 INFO]: [Chunky] Task running for world. Processed: 11043 chunks (19.01%), ETA: 0:15:13, Rate: 51.5 cps, Current: 95, 13
[23:43:27 INFO]: [Chunky] Task running for world. Processed: 11084 chunks (19.08%), ETA: 0:15:23, Rate: 50.9 cps, Current: 88, 12
[23:43:28 INFO]: [Chunky] Task running for world. Processed: 11158 chunks (19.21%), ETA: 0:15:03, Rate: 52.0 cps, Current: 87, 6
[23:43:29 INFO]: [Chunky] Task running for world. Processed: 11222 chunks (19.32%), ETA: 0:15:13, Rate: 51.3 cps, Current: 92, 7
[23:43:30 INFO]: [Chunky] Task running for world. Processed: 11255 chunks (19.38%), ETA: 0:15:21, Rate: 50.8 cps, Current: 94, 3
[23:43:31 INFO]: [Chunky] Task running for world. Processed: 11289 chunks (19.44%), ETA: 0:15:39, Rate: 49.8 cps, Current: 68, -27
[23:43:32 INFO]: [Chunky] Task running for world. Processed: 11304 chunks (19.46%), ETA: 0:16:01, Rate: 48.6 cps, Current: 67, -25
[23:43:33 INFO]: [Chunky] Task running for world. Processed: 11327 chunks (19.50%), ETA: 0:16:27, Rate: 47.4 cps, Current: 70, -32
[23:43:34 INFO]: [Chunky] Task running for world. Processed: 11383 chunks (19.60%), ETA: 0:16:13, Rate: 48.0 cps, Current: 78, -26
[23:43:35 INFO]: [Chunky] Task running for world. Processed: 11412 chunks (19.65%), ETA: 0:16:30, Rate: 47.1 cps, Current: 79, -24
[23:43:36 INFO]: [Chunky] Task running for world. Processed: 11449 chunks (19.71%), ETA: 0:17:00, Rate: 45.7 cps, Current: 79, -20
[23:43:37 INFO]: [Chunky] Task running for world. Processed: 11526 chunks (19.84%), ETA: 0:16:43, Rate: 46.4 cps, Current: 66, -16
[23:43:38 INFO]: [Chunky] Task running for world. Processed: 11583 chunks (19.94%), ETA: 0:16:35, Rate: 46.7 cps, Current: 65, -8
[23:43:39 INFO]: [Chunky] Task running for world. Processed: 11659 chunks (20.07%), ETA: 0:16:03, Rate: 48.2 cps, Current: 73, -3
[23:43:40 INFO]: [Chunky] Task running for world. Processed: 11710 chunks (20.16%), ETA: 0:15:42, Rate: 49.2 cps, Current: 72, -10
[23:43:41 INFO]: [Chunky] Task running for world. Processed: 11779 chunks (20.28%), ETA: 0:15:16, Rate: 50.5 cps, Current: 80, -14
[23:43:42 INFO]: [Chunky] Task running for world. Processed: 11828 chunks (20.36%), ETA: 0:15:11, Rate: 50.7 cps, Current: 84, -16
[23:43:43 INFO]: [Chunky] Task running for world. Processed: 11919 chunks (20.52%), ETA: 0:14:40, Rate: 52.4 cps, Current: 90, -1
[23:43:44 INFO]: [Chunky] Task running for world. Processed: 11977 chunks (20.62%), ETA: 0:14:26, Rate: 53.2 cps, Current: 94, -8
[23:43:46 INFO]: [Chunky] Task running for world. Processed: 12026 chunks (20.71%), ETA: 0:14:48, Rate: 51.8 cps, Current: 95, -13
[23:43:47 INFO]: [Chunky] Task running for world. Processed: 12063 chunks (20.77%), ETA: 0:15:02, Rate: 51.0 cps, Current: 90, -20
[23:43:48 INFO]: [Chunky] Task running for world. Processed: 12110 chunks (20.85%), ETA: 0:15:27, Rate: 49.6 cps, Current: 88, -22
[23:43:49 INFO]: [Chunky] Task running for world. Processed: 12175 chunks (20.96%), ETA: 0:15:39, Rate: 48.8 cps, Current: 80, -27
[23:43:50 INFO]: [Chunky] Task running for world. Processed: 12233 chunks (21.06%), ETA: 0:15:22, Rate: 49.7 cps, Current: 87, -31
[23:43:51 INFO]: [Chunky] Task running for world. Processed: 12276 chunks (21.14%), ETA: 0:15:36, Rate: 48.9 cps, Current: 94, -29
[23:43:52 INFO]: [Chunky] Task running for world. Processed: 12285 chunks (21.15%), ETA: 0:16:14, Rate: 47.0 cps, Current: 66, -62
[23:43:53 INFO]: [Chunky] Task running for world. Processed: 12308 chunks (21.19%), ETA: 0:16:39, Rate: 45.8 cps, Current: 65, -64
[23:43:54 INFO]: [Chunky] Task running for world. Processed: 12340 chunks (21.25%), ETA: 0:16:42, Rate: 45.6 cps, Current: 69, -63
[23:43:55 INFO]: [Chunky] Task running for world. Processed: 12383 chunks (21.32%), ETA: 0:16:29, Rate: 46.2 cps, Current: 77, -59
[23:43:56 INFO]: [Chunky] Task running for world. Processed: 12433 chunks (21.41%), ETA: 0:16:22, Rate: 46.4 cps, Current: 78, -56
[23:43:57 INFO]: [Chunky] Task running for world. Processed: 12475 chunks (21.48%), ETA: 0:16:45, Rate: 45.3 cps, Current: 74, -50
[23:43:58 INFO]: [Chunky] Task running for world. Processed: 12535 chunks (21.58%), ETA: 0:16:49, Rate: 45.1 cps, Current: 65, -53
[23:43:59 INFO]: [Chunky] Task running for world. Processed: 12574 chunks (21.65%), ETA: 0:16:44, Rate: 45.3 cps, Current: 69, -44
[23:44:00 INFO]: [Chunky] Task running for world. Processed: 12595 chunks (21.69%), ETA: 0:16:52, Rate: 44.9 cps, Current: 65, -43
[23:44:01 INFO]: [Chunky] Task running for world. Processed: 12674 chunks (21.82%), ETA: 0:16:04, Rate: 47.1 cps, Current: 72, -39
[23:44:02 INFO]: [Chunky] Task running for world. Processed: 12733 chunks (21.92%), ETA: 0:15:38, Rate: 48.3 cps, Current: 77, -41
[23:44:03 INFO]: [Chunky] Task running for world. Processed: 12802 chunks (22.04%), ETA: 0:15:31, Rate: 48.6 cps, Current: 80, -47
[23:44:04 INFO]: [Chunky] Task running for world. Processed: 12845 chunks (22.12%), ETA: 0:15:21, Rate: 49.1 cps, Current: 86, -42
[23:44:05 INFO]: [Chunky] Task running for world. Processed: 12923 chunks (22.25%), ETA: 0:14:52, Rate: 50.6 cps, Current: 87, -39
[23:44:06 INFO]: [Chunky] Task running for world. Processed: 12971 chunks (22.33%), ETA: 0:15:08, Rate: 49.6 cps, Current: 92, -38
[23:44:07 INFO]: [Chunky] Task running for world. Processed: 13033 chunks (22.44%), ETA: 0:15:03, Rate: 49.8 cps, Current: 89, -47
[23:44:08 INFO]: [Chunky] Task running for world. Processed: 13060 chunks (22.49%), ETA: 0:15:34, Rate: 48.2 cps, Current: 93, -52
[23:44:09 INFO]: [Chunky] Task running for world. Processed: 13120 chunks (22.59%), ETA: 0:15:29, Rate: 48.4 cps, Current: 87, -50
[23:44:10 INFO]: [Chunky] Task running for world. Processed: 13201 chunks (22.73%), ETA: 0:15:16, Rate: 49.0 cps, Current: 86, -58
[23:44:11 INFO]: [Chunky] Task running for world. Processed: 13258 chunks (22.83%), ETA: 0:15:11, Rate: 49.2 cps, Current: 83, -64
[23:44:12 INFO]: [Chunky] Task running for world. Processed: 13300 chunks (22.90%), ETA: 0:15:40, Rate: 47.6 cps, Current: 92, -64
[23:44:14 INFO]: [Chunky] Task running for world. Processed: 13316 chunks (22.93%), ETA: 0:16:09, Rate: 46.2 cps, Current: 34, -60
[23:44:15 INFO]: [Chunky] Task running for world. Processed: 13347 chunks (22.98%), ETA: 0:16:16, Rate: 45.8 cps, Current: 32, -57
[23:44:16 INFO]: [Chunky] Task running for world. Processed: 13379 chunks (23.04%), ETA: 0:16:27, Rate: 45.3 cps, Current: 38, -64
[23:44:17 INFO]: [Chunky] Task running for world. Processed: 13420 chunks (23.11%), ETA: 0:16:24, Rate: 45.4 cps, Current: 46, -60
[23:44:18 INFO]: [Chunky] Task running for world. Processed: 13461 chunks (23.18%), ETA: 0:16:26, Rate: 45.2 cps, Current: 45, -53
[23:44:19 INFO]: [Chunky] Task running for world. Processed: 13525 chunks (23.29%), ETA: 0:16:36, Rate: 44.7 cps, Current: 36, -55
[23:44:20 INFO]: [Chunky] Task running for world. Processed: 13579 chunks (23.38%), ETA: 0:16:29, Rate: 45.0 cps, Current: 32, -52
[23:44:21 INFO]: [Chunky] Task running for world. Processed: 13617 chunks (23.44%), ETA: 0:16:07, Rate: 45.9 cps, Current: 34, -42
[23:44:22 INFO]: [Chunky] Task running for world. Processed: 13698 chunks (23.58%), ETA: 0:15:28, Rate: 47.8 cps, Current: 40, -39
[23:44:23 INFO]: [Chunky] Task running for world. Processed: 13774 chunks (23.72%), ETA: 0:14:57, Rate: 49.3 cps, Current: 41, -43
[23:44:24 INFO]: [Chunky] Task running for world. Processed: 13827 chunks (23.81%), ETA: 0:14:51, Rate: 49.6 cps, Current: 48, -46
[23:44:25 INFO]: [Chunky] Task running for world. Processed: 13874 chunks (23.89%), ETA: 0:14:52, Rate: 49.5 cps, Current: 49, -41
[23:44:26 INFO]: [Chunky] Task running for world. Processed: 13954 chunks (24.03%), ETA: 0:14:30, Rate: 50.7 cps, Current: 56, -39
[23:44:27 INFO]: [Chunky] Task running for world. Processed: 14071 chunks (24.23%), ETA: 0:13:53, Rate: 52.8 cps, Current: 59, -47
[23:44:28 INFO]: [Chunky] Task running for world. Processed: 14122 chunks (24.31%), ETA: 0:13:46, Rate: 53.2 cps, Current: 57, -49
[23:44:29 INFO]: [Chunky] Task running for world. Processed: 14217 chunks (24.48%), ETA: 0:13:07, Rate: 55.7 cps, Current: 53, -58
[23:44:30 INFO]: [Chunky] Task running for world. Processed: 14270 chunks (24.57%), ETA: 0:13:19, Rate: 54.8 cps, Current: 57, -57
[23:44:32 INFO]: [Chunky] Task running for world. Processed: 14337 chunks (24.68%), ETA: 0:13:51, Rate: 52.6 cps, Current: 2, -59
[23:44:33 INFO]: [Chunky] Task running for world. Processed: 14392 chunks (24.78%), ETA: 0:13:43, Rate: 53.1 cps, Current: 7, -62
[23:44:35 INFO]: [Chunky] Task running for world. Processed: 14435 chunks (24.85%), ETA: 0:14:06, Rate: 51.6 cps, Current: 10, -64
[23:44:36 INFO]: [Chunky] Task running for world. Processed: 14488 chunks (24.94%), ETA: 0:14:02, Rate: 51.7 cps, Current: 12, -53
[23:44:37 INFO]: [Chunky] Task running for world. Processed: 14551 chunks (25.05%), ETA: 0:14:01, Rate: 51.7 cps, Current: 3, -56
[23:44:38 INFO]: [Chunky] Task running for world. Processed: 14603 chunks (25.14%), ETA: 0:13:48, Rate: 52.5 cps, Current: 6, -47
[23:44:39 INFO]: [Chunky] Task running for world. Processed: 14640 chunks (25.21%), ETA: 0:14:02, Rate: 51.5 cps, Current: 2, -42
[23:44:40 INFO]: [Chunky] Task running for world. Processed: 14722 chunks (25.35%), ETA: 0:14:01, Rate: 51.5 cps, Current: 8, -39
[23:44:41 INFO]: [Chunky] Task running for world. Processed: 14804 chunks (25.49%), ETA: 0:13:45, Rate: 52.4 cps, Current: 15, -36
[23:44:42 INFO]: [Chunky] Task running for world. Processed: 14863 chunks (25.59%), ETA: 0:13:37, Rate: 52.9 cps, Current: 18, -47
[23:44:43 INFO]: [Chunky] Task running for world. Processed: 14940 chunks (25.72%), ETA: 0:13:06, Rate: 54.8 cps, Current: 19, -39
[23:44:44 INFO]: [Chunky] Task running for world. Processed: 15073 chunks (25.95%), ETA: 0:12:18, Rate: 58.3 cps, Current: 24, -45
[23:44:45 INFO]: [Chunky] Task running for world. Processed: 15141 chunks (26.07%), ETA: 0:12:00, Rate: 59.6 cps, Current: 26, -51
[23:44:46 INFO]: [Chunky] Task running for world. Processed: 15233 chunks (26.23%), ETA: 0:11:39, Rate: 61.3 cps, Current: 23, -57
[23:44:47 INFO]: [Chunky] Task running for world. Processed: 15293 chunks (26.33%), ETA: 0:11:30, Rate: 61.9 cps, Current: 24, -62
[23:44:49 INFO]: [Chunky] Task running for world. Processed: 15361 chunks (26.45%), ETA: 0:11:46, Rate: 60.5 cps, Current: -30, -59
[23:44:50 INFO]: [Chunky] Task running for world. Processed: 15395 chunks (26.51%), ETA: 0:11:45, Rate: 60.5 cps, Current: -32, -64
[23:44:51 INFO]: [Chunky] Task running for world. Processed: 15425 chunks (26.56%), ETA: 0:12:04, Rate: 58.9 cps, Current: -27, -64
[23:44:52 INFO]: [Chunky] Task running for world. Processed: 15476 chunks (26.65%), ETA: 0:12:14, Rate: 58.0 cps, Current: -24, -57
[23:44:53 INFO]: [Chunky] Task running for world. Processed: 15512 chunks (26.71%), ETA: 0:12:20, Rate: 57.5 cps, Current: -19, -52
[23:44:54 INFO]: [Chunky] Task running for world. Processed: 15545 chunks (26.76%), ETA: 0:12:25, Rate: 57.1 cps, Current: -17, -52
[23:44:55 INFO]: [Chunky] Task running for world. Processed: 15597 chunks (26.85%), ETA: 0:12:36, Rate: 56.2 cps, Current: -29, -51
[23:44:56 INFO]: [Chunky] Task running for world. Processed: 15631 chunks (26.91%), ETA: 0:13:15, Rate: 53.4 cps, Current: -32, -51
[23:44:57 INFO]: [Chunky] Task running for world. Processed: 15658 chunks (26.96%), ETA: 0:13:27, Rate: 52.5 cps, Current: -26, -43
[23:44:59 INFO]: [Chunky] Task running for world. Processed: 15700 chunks (27.03%), ETA: 0:13:57, Rate: 50.6 cps, Current: -29, -35
[23:45:00 INFO]: [Chunky] Task running for world. Processed: 15763 chunks (27.14%), ETA: 0:13:49, Rate: 51.0 cps, Current: -23, -40
[23:45:01 INFO]: [Chunky] Task running for world. Processed: 15822 chunks (27.24%), ETA: 0:13:19, Rate: 52.9 cps, Current: -23, -43
[23:45:02 INFO]: [Chunky] Task running for world. Processed: 15875 chunks (27.33%), ETA: 0:13:19, Rate: 52.8 cps, Current: -16, -46
[23:45:03 INFO]: [Chunky] Task running for world. Processed: 15918 chunks (27.41%), ETA: 0:13:24, Rate: 52.4 cps, Current: -10, -42
[23:45:04 INFO]: [Chunky] Task running for world. Processed: 15988 chunks (27.53%), ETA: 0:13:05, Rate: 53.6 cps, Current: -10, -39
[23:45:05 INFO]: [Chunky] Task running for world. Processed: 16076 chunks (27.68%), ETA: 0:12:46, Rate: 54.8 cps, Current: -8, -42
[23:45:06 INFO]: [Chunky] Task running for world. Processed: 16159 chunks (27.82%), ETA: 0:12:35, Rate: 55.5 cps, Current: -2, -55
[23:45:07 INFO]: [Chunky] Task running for world. Processed: 16215 chunks (27.92%), ETA: 0:12:34, Rate: 55.5 cps, Current: -14, -52
[23:45:08 INFO]: [Chunky] Task running for world. Processed: 16289 chunks (28.05%), ETA: 0:12:22, Rate: 56.3 cps, Current: -15, -62
[23:45:09 INFO]: [Chunky] Task running for world. Processed: 16367 chunks (28.18%), ETA: 0:11:59, Rate: 58.0 cps, Current: -4, -62
[23:45:11 INFO]: [Chunky] Task running for world. Processed: 16385 chunks (28.21%), ETA: 0:13:03, Rate: 53.2 cps, Current: -62, -59
[23:45:12 INFO]: [Chunky] Task running for world. Processed: 16413 chunks (28.26%), ETA: 0:13:18, Rate: 52.2 cps, Current: -64, -62
[23:45:13 INFO]: [Chunky] Task running for world. Processed: 16448 chunks (28.32%), ETA: 0:13:41, Rate: 50.7 cps, Current: -56, -61
[23:45:14 INFO]: [Chunky] Task running for world. Processed: 16483 chunks (28.38%), ETA: 0:14:37, Rate: 47.4 cps, Current: -50, -61
[23:45:15 INFO]: [Chunky] Task running for world. Processed: 16519 chunks (28.44%), ETA: 0:14:59, Rate: 46.2 cps, Current: -51, -56
[23:45:16 INFO]: [Chunky] Task running for world. Processed: 16554 chunks (28.50%), ETA: 0:15:37, Rate: 44.3 cps, Current: -53, -51
[23:45:17 INFO]: [Chunky] Task running for world. Processed: 16598 chunks (28.58%), ETA: 0:15:47, Rate: 43.8 cps, Current: -55, -49
[23:45:18 INFO]: [Chunky] Task running for world. Processed: 16637 chunks (28.64%), ETA: 0:15:36, Rate: 44.3 cps, Current: -57, -48
[23:45:19 INFO]: [Chunky] Task running for world. Processed: 16671 chunks (28.70%), ETA: 0:15:43, Rate: 43.9 cps, Current: -58, -45
[23:45:20 INFO]: [Chunky] Task running for world. Processed: 16695 chunks (28.74%), ETA: 0:15:50, Rate: 43.5 cps, Current: -57, -42
[23:45:21 INFO]: [Chunky] Task running for world. Processed: 16732 chunks (28.81%), ETA: 0:15:44, Rate: 43.8 cps, Current: -59, -40
[23:45:22 INFO]: [Chunky] Task running for world. Processed: 16776 chunks (28.88%), ETA: 0:15:46, Rate: 43.6 cps, Current: -56, -35
[23:45:23 INFO]: [Chunky] Task running for world. Processed: 16811 chunks (28.94%), ETA: 0:15:47, Rate: 43.5 cps, Current: -50, -34
[23:45:24 INFO]: [Chunky] Task running for world. Processed: 16871 chunks (29.05%), ETA: 0:15:27, Rate: 44.4 cps, Current: -53, -47
[23:45:25 INFO]: [Chunky] Task running for world. Processed: 16900 chunks (29.10%), ETA: 0:15:40, Rate: 43.8 cps, Current: -48, -45
[23:45:26 INFO]: [Chunky] Task running for world. Processed: 16945 chunks (29.17%), ETA: 0:15:26, Rate: 44.4 cps, Current: -48, -39
[23:45:27 INFO]: [Chunky] Task running for world. Processed: 16995 chunks (29.26%), ETA: 0:15:18, Rate: 44.8 cps, Current: -45, -35
[23:45:29 INFO]: [Chunky] Task running for world. Processed: 17024 chunks (29.31%), ETA: 0:15:28, Rate: 44.2 cps, Current: -41, -35
[23:45:30 INFO]: [Chunky] Task running for world. Processed: 17106 chunks (29.45%), ETA: 0:15:13, Rate: 44.8 cps, Current: -40, -43
[23:45:31 INFO]: [Chunky] Task running for world. Processed: 17160 chunks (29.54%), ETA: 0:15:22, Rate: 44.3 cps, Current: -33, -54
[23:45:32 INFO]: [Chunky] Task running for world. Processed: 17194 chunks (29.60%), ETA: 0:15:33, Rate: 43.8 cps, Current: -39, -49
[23:45:33 INFO]: [Chunky] Task running for world. Processed: 17236 chunks (29.68%), ETA: 0:15:53, Rate: 42.8 cps, Current: -38, -56
[23:45:34 INFO]: [Chunky] Task running for world. Processed: 17290 chunks (29.77%), ETA: 0:16:18, Rate: 41.7 cps, Current: -43, -58
[23:45:35 INFO]: [Chunky] Task running for world. Processed: 17326 chunks (29.83%), ETA: 0:16:55, Rate: 40.1 cps, Current: -44, -62
[23:45:36 INFO]: [Chunky] Task running for world. Processed: 17384 chunks (29.93%), ETA: 0:16:52, Rate: 40.2 cps, Current: -33, -61
[23:45:37 INFO]: [Chunky] Task running for world. Processed: 17409 chunks (29.97%), ETA: 0:17:43, Rate: 38.3 cps, Current: -62, -32
[23:45:38 INFO]: [Chunky] Task running for world. Processed: 17443 chunks (30.03%), ETA: 0:18:25, Rate: 36.7 cps, Current: -58, -32
[23:45:39 INFO]: [Chunky] Task running for world. Processed: 17488 chunks (30.11%), ETA: 0:17:22, Rate: 39.0 cps, Current: -55, -30
[23:45:40 INFO]: [Chunky] Task running for world. Processed: 17532 chunks (30.19%), ETA: 0:17:17, Rate: 39.1 cps, Current: -53, -25
[23:45:41 INFO]: [Chunky] Task running for world. Processed: 17566 chunks (30.24%), ETA: 0:17:17, Rate: 39.0 cps, Current: -52, -20
[23:45:42 INFO]: [Chunky] Task running for world. Processed: 17605 chunks (30.31%), ETA: 0:17:10, Rate: 39.3 cps, Current: -49, -17
[23:45:43 INFO]: [Chunky] Task running for world. Processed: 17649 chunks (30.39%), ETA: 0:17:00, Rate: 39.6 cps, Current: -62, -20
[23:45:44 INFO]: [Chunky] Task running for world. Processed: 17682 chunks (30.44%), ETA: 0:16:59, Rate: 39.6 cps, Current: -58, -14
[23:45:45 INFO]: [Chunky] Task running for world. Processed: 17714 chunks (30.50%), ETA: 0:17:04, Rate: 39.4 cps, Current: -57, -12
[23:45:46 INFO]: [Chunky] Task running for world. Processed: 17741 chunks (30.55%), ETA: 0:17:18, Rate: 38.8 cps, Current: -62, -4
[23:45:48 INFO]: [Chunky] Task running for world. Processed: 17789 chunks (30.63%), ETA: 0:17:10, Rate: 39.1 cps, Current: -55, -7
[23:45:49 INFO]: [Chunky] Task running for world. Processed: 17830 chunks (30.70%), ETA: 0:17:06, Rate: 39.2 cps, Current: -51, -2
[23:45:50 INFO]: [Chunky] Task running for world. Processed: 17886 chunks (30.79%), ETA: 0:16:38, Rate: 40.3 cps, Current: -49, -7
[23:45:51 INFO]: [Chunky] Task running for world. Processed: 17923 chunks (30.86%), ETA: 0:16:40, Rate: 40.1 cps, Current: -48, -14
[23:45:52 INFO]: [Chunky] Task running for world. Processed: 17956 chunks (30.92%), ETA: 0:16:50, Rate: 39.7 cps, Current: -42, -15
[23:45:53 INFO]: [Chunky] Task running for world. Processed: 18001 chunks (30.99%), ETA: 0:16:39, Rate: 40.1 cps, Current: -46, -6
[23:45:54 INFO]: [Chunky] Task running for world. Processed: 18042 chunks (31.06%), ETA: 0:16:55, Rate: 39.4 cps, Current: -39, -7
[23:45:55 INFO]: [Chunky] Task running for world. Processed: 18113 chunks (31.19%), ETA: 0:16:14, Rate: 41.0 cps, Current: -33, -9
[23:45:56 INFO]: [Chunky] Task running for world. Processed: 18182 chunks (31.30%), ETA: 0:15:53, Rate: 41.8 cps, Current: -33, -22
[23:45:57 INFO]: [Chunky] Task running for world. Processed: 18218 chunks (31.37%), ETA: 0:16:02, Rate: 41.4 cps, Current: -39, -17
[23:45:58 INFO]: [Chunky] Task running for world. Processed: 18259 chunks (31.44%), ETA: 0:15:52, Rate: 41.8 cps, Current: -40, -20
[23:45:59 INFO]: [Chunky] Task running for world. Processed: 18306 chunks (31.52%), ETA: 0:16:20, Rate: 40.6 cps, Current: -48, -25
[23:46:00 INFO]: [Chunky] Task running for world. Processed: 18377 chunks (31.64%), ETA: 0:16:01, Rate: 41.3 cps, Current: -40, -29
[23:46:02 INFO]: [Chunky] Task running for world. Processed: 18433 chunks (31.74%), ETA: 0:15:55, Rate: 41.5 cps, Current: -62, 0
[23:46:03 INFO]: [Chunky] Task running for world. Processed: 18480 chunks (31.82%), ETA: 0:15:49, Rate: 41.7 cps, Current: -55, 0
[23:46:04 INFO]: [Chunky] Task running for world. Processed: 18543 chunks (31.93%), ETA: 0:15:41, Rate: 42.0 cps, Current: -55, 6
[23:46:05 INFO]: [Chunky] Task running for world. Processed: 18590 chunks (32.01%), ETA: 0:15:31, Rate: 42.4 cps, Current: -52, 12
[23:46:06 INFO]: [Chunky] Task running for world. Processed: 18638 chunks (32.09%), ETA: 0:15:37, Rate: 42.1 cps, Current: -54, 15
[23:46:07 INFO]: [Chunky] Task running for world. Processed: 18678 chunks (32.16%), ETA: 0:15:21, Rate: 42.8 cps, Current: -62, 15
[23:46:08 INFO]: [Chunky] Task running for world. Processed: 18719 chunks (32.23%), ETA: 0:15:15, Rate: 43.0 cps, Current: -58, 19
[23:46:09 INFO]: [Chunky] Task running for world. Processed: 18752 chunks (32.29%), ETA: 0:15:23, Rate: 42.6 cps, Current: -62, 24
[23:46:10 INFO]: [Chunky] Task running for world. Processed: 18803 chunks (32.37%), ETA: 0:15:16, Rate: 42.9 cps, Current: -58, 27
[23:46:11 INFO]: [Chunky] Task running for world. Processed: 18849 chunks (32.45%), ETA: 0:15:00, Rate: 43.6 cps, Current: -53, 30
[23:46:12 INFO]: [Chunky] Task running for world. Processed: 18945 chunks (32.62%), ETA: 0:14:27, Rate: 45.1 cps, Current: -48, 16
[23:46:13 INFO]: [Chunky] Task running for world. Processed: 18989 chunks (32.69%), ETA: 0:14:26, Rate: 45.1 cps, Current: -42, 22
[23:46:14 INFO]: [Chunky] Task running for world. Processed: 19044 chunks (32.79%), ETA: 0:14:11, Rate: 45.9 cps, Current: -44, 29
[23:46:15 INFO]: [Chunky] Task running for world. Processed: 19084 chunks (32.86%), ETA: 0:14:03, Rate: 46.2 cps, Current: -38, 27
[23:46:16 INFO]: [Chunky] Task running for world. Processed: 19187 chunks (33.03%), ETA: 0:13:18, Rate: 48.7 cps, Current: -39, 17
[23:46:17 INFO]: [Chunky] Task running for world. Processed: 19242 chunks (33.13%), ETA: 0:13:14, Rate: 48.9 cps, Current: -39, 15
[23:46:18 INFO]: [Chunky] Task running for world. Processed: 19315 chunks (33.26%), ETA: 0:12:53, Rate: 50.1 cps, Current: -41, 9
[23:46:19 INFO]: [Chunky] Task running for world. Processed: 19393 chunks (33.39%), ETA: 0:12:40, Rate: 50.9 cps, Current: -40, 0
[23:46:21 INFO]: [Chunky] Task running for world. Processed: 19457 chunks (33.50%), ETA: 0:12:32, Rate: 51.3 cps, Current: -62, 32
[23:46:22 INFO]: [Chunky] Task running for world. Processed: 19521 chunks (33.61%), ETA: 0:12:15, Rate: 52.4 cps, Current: -57, 35
[23:46:23 INFO]: [Chunky] Task running for world. Processed: 19578 chunks (33.71%), ETA: 0:12:08, Rate: 52.8 cps, Current: -54, 39
[23:46:24 INFO]: [Chunky] Task running for world. Processed: 19618 chunks (33.78%), ETA: 0:12:09, Rate: 52.7 cps, Current: -53, 44
[23:46:25 INFO]: [Chunky] Task running for world. Processed: 19644 chunks (33.82%), ETA: 0:12:30, Rate: 51.2 cps, Current: -52, 47
[23:46:26 INFO]: [Chunky] Task running for world. Processed: 19688 chunks (33.90%), ETA: 0:12:40, Rate: 50.5 cps, Current: -60, 45
[23:46:27 INFO]: [Chunky] Task running for world. Processed: 19727 chunks (33.96%), ETA: 0:12:38, Rate: 50.5 cps, Current: -59, 50
[23:46:28 INFO]: [Chunky] Task running for world. Processed: 19764 chunks (34.03%), ETA: 0:12:42, Rate: 50.3 cps, Current: -57, 53
[23:46:29 INFO]: [Chunky] Task running for world. Processed: 19811 chunks (34.11%), ETA: 0:12:52, Rate: 49.5 cps, Current: -59, 61
[23:46:30 INFO]: [Chunky] Task running for world. Processed: 19858 chunks (34.19%), ETA: 0:12:44, Rate: 50.0 cps, Current: -54, 56
[23:46:31 INFO]: [Chunky] Task running for world. Processed: 19900 chunks (34.26%), ETA: 0:12:48, Rate: 49.7 cps, Current: -50, 57
[23:46:32 INFO]: [Chunky] Task running for world. Processed: 19972 chunks (34.39%), ETA: 0:12:34, Rate: 50.5 cps, Current: -48, 51
[23:46:33 INFO]: [Chunky] Task running for world. Processed: 20026 chunks (34.48%), ETA: 0:12:38, Rate: 50.2 cps, Current: -48, 59
[23:46:34 INFO]: [Chunky] Task running for world. Processed: 20090 chunks (34.59%), ETA: 0:12:29, Rate: 50.7 cps, Current: -39, 57
[23:46:35 INFO]: [Chunky] Task running for world. Processed: 20199 chunks (34.78%), ETA: 0:11:59, Rate: 52.7 cps, Current: -37, 51
[23:46:36 INFO]: [Chunky] Task running for world. Processed: 20267 chunks (34.89%), ETA: 0:11:46, Rate: 53.6 cps, Current: -40, 47
[23:46:37 INFO]: [Chunky] Task running for world. Processed: 20358 chunks (35.05%), ETA: 0:11:23, Rate: 55.2 cps, Current: -45, 39
[23:46:39 INFO]: [Chunky] Task running for world. Processed: 20481 chunks (35.26%), ETA: 0:10:55, Rate: 57.4 cps, Current: -63, 64
[23:46:40 INFO]: [Chunky] Task running for world. Processed: 20537 chunks (35.36%), ETA: 0:10:49, Rate: 57.8 cps, Current: -56, 65
[23:46:41 INFO]: [Chunky] Task running for world. Processed: 20593 chunks (35.46%), ETA: 0:10:58, Rate: 57.0 cps, Current: -49, 67
[23:46:42 INFO]: [Chunky] Task running for world. Processed: 20643 chunks (35.54%), ETA: 0:11:01, Rate: 56.6 cps, Current: -52, 77
[23:46:43 INFO]: [Chunky] Task running for world. Processed: 20703 chunks (35.65%), ETA: 0:10:53, Rate: 57.2 cps, Current: -60, 74
[23:46:44 INFO]: [Chunky] Task running for world. Processed: 20751 chunks (35.73%), ETA: 0:10:50, Rate: 57.4 cps, Current: -60, 82
[23:46:45 INFO]: [Chunky] Task running for world. Processed: 20784 chunks (35.78%), ETA: 0:11:15, Rate: 55.2 cps, Current: -64, 84
[23:46:46 INFO]: [Chunky] Task running for world. Processed: 20802 chunks (35.82%), ETA: 0:11:30, Rate: 53.9 cps, Current: -62, 90
[23:46:47 INFO]: [Chunky] Task running for world. Processed: 20840 chunks (35.88%), ETA: 0:11:36, Rate: 53.5 cps, Current: -64, 94
[23:46:48 INFO]: [Chunky] Task running for world. Processed: 20888 chunks (35.96%), ETA: 0:11:46, Rate: 52.7 cps, Current: -53, 92
[23:46:49 INFO]: [Chunky] Task running for world. Processed: 20958 chunks (36.08%), ETA: 0:11:49, Rate: 52.3 cps, Current: -49, 89
[23:46:50 INFO]: [Chunky] Task running for world. Processed: 21004 chunks (36.16%), ETA: 0:11:49, Rate: 52.2 cps, Current: -47, 80
[23:46:51 INFO]: [Chunky] Task running for world. Processed: 21068 chunks (36.27%), ETA: 0:11:49, Rate: 52.1 cps, Current: -46, 88
[23:46:52 INFO]: [Chunky] Task running for world. Processed: 21115 chunks (36.35%), ETA: 0:11:54, Rate: 51.7 cps, Current: -41, 90
[23:46:54 INFO]: [Chunky] Task running for world. Processed: 21150 chunks (36.41%), ETA: 0:11:55, Rate: 51.6 cps, Current: -36, 92
[23:46:55 INFO]: [Chunky] Task running for world. Processed: 21178 chunks (36.46%), ETA: 0:11:52, Rate: 51.8 cps, Current: -36, 95
[23:46:56 INFO]: [Chunky] Task running for world. Processed: 21225 chunks (36.54%), ETA: 0:11:50, Rate: 51.9 cps, Current: -35, 83
[23:46:57 INFO]: [Chunky] Task running for world. Processed: 21252 chunks (36.59%), ETA: 0:11:55, Rate: 51.5 cps, Current: -35, 76
[23:46:58 INFO]: [Chunky] Task running for world. Processed: 21300 chunks (36.67%), ETA: 0:11:44, Rate: 52.2 cps, Current: -40, 79
[23:46:59 INFO]: [Chunky] Task running for world. Processed: 21378 chunks (36.81%), ETA: 0:11:31, Rate: 53.0 cps, Current: -42, 71
[23:47:00 INFO]: [Chunky] Task running for world. Processed: 21508 chunks (37.03%), ETA: 0:10:54, Rate: 55.9 cps, Current: -32, 65
[23:47:01 INFO]: [Chunky] Task running for world. Processed: 21567 chunks (37.13%), ETA: 0:10:47, Rate: 56.4 cps, Current: -19, 64
[23:47:02 INFO]: [Chunky] Task running for world. Processed: 21624 chunks (37.23%), ETA: 0:10:52, Rate: 55.9 cps, Current: -23, 71
[23:47:03 INFO]: [Chunky] Task running for world. Processed: 21664 chunks (37.30%), ETA: 0:10:57, Rate: 55.4 cps, Current: -17, 73
[23:47:04 INFO]: [Chunky] Task running for world. Processed: 21717 chunks (37.39%), ETA: 0:10:59, Rate: 55.1 cps, Current: -19, 79
[23:47:05 INFO]: [Chunky] Task running for world. Processed: 21787 chunks (37.51%), ETA: 0:11:14, Rate: 53.8 cps, Current: -27, 82
[23:47:06 INFO]: [Chunky] Task running for world. Processed: 21839 chunks (37.60%), ETA: 0:11:19, Rate: 53.3 cps, Current: -25, 87
[23:47:07 INFO]: [Chunky] Task running for world. Processed: 21882 chunks (37.67%), ETA: 0:11:41, Rate: 51.6 cps, Current: -25, 90
[23:47:08 INFO]: [Chunky] Task running for world. Processed: 21925 chunks (37.75%), ETA: 0:12:06, Rate: 49.8 cps, Current: -19, 91
[23:47:09 INFO]: [Chunky] Task running for world. Processed: 21983 chunks (37.85%), ETA: 0:12:01, Rate: 50.0 cps, Current: -22, 84
[23:47:10 INFO]: [Chunky] Task running for world. Processed: 22032 chunks (37.93%), ETA: 0:12:05, Rate: 49.7 cps, Current: -13, 84
[23:47:11 INFO]: [Chunky] Task running for world. Processed: 22095 chunks (38.04%), ETA: 0:12:00, Rate: 49.9 cps, Current: -15, 93
[23:47:12 INFO]: [Chunky] Task running for world. Processed: 22140 chunks (38.12%), ETA: 0:12:02, Rate: 49.7 cps, Current: -7, 88
[23:47:13 INFO]: [Chunky] Task running for world. Processed: 22180 chunks (38.19%), ETA: 0:12:11, Rate: 49.1 cps, Current: -7, 95
[23:47:14 INFO]: [Chunky] Task running for world. Processed: 22236 chunks (38.28%), ETA: 0:12:05, Rate: 49.4 cps, Current: -1, 87
[23:47:15 INFO]: [Chunky] Task running for world. Processed: 22268 chunks (38.34%), ETA: 0:11:50, Rate: 50.4 cps, Current: -3, 79
[23:47:16 INFO]: [Chunky] Task running for world. Processed: 22307 chunks (38.41%), ETA: 0:11:50, Rate: 50.3 cps, Current: -1, 77
[23:47:17 INFO]: [Chunky] Task running for world. Processed: 22387 chunks (38.54%), ETA: 0:11:35, Rate: 51.4 cps, Current: -15, 73
[23:47:19 INFO]: [Chunky] Task running for world. Processed: 22499 chunks (38.74%), ETA: 0:11:13, Rate: 52.8 cps, Current: -2, 71
[23:47:20 INFO]: [Chunky] Task running for world. Processed: 22570 chunks (38.86%), ETA: 0:11:06, Rate: 53.3 cps, Current: 3, 70
[23:47:21 INFO]: [Chunky] Task running for world. Processed: 22602 chunks (38.91%), ETA: 0:11:19, Rate: 52.2 cps, Current: 11, 66
[23:47:22 INFO]: [Chunky] Task running for world. Processed: 22650 chunks (39.00%), ETA: 0:11:17, Rate: 52.3 cps, Current: 11, 71
[23:47:23 INFO]: [Chunky] Task running for world. Processed: 22688 chunks (39.06%), ETA: 0:11:18, Rate: 52.2 cps, Current: 13, 77
[23:47:24 INFO]: [Chunky] Task running for world. Processed: 22748 chunks (39.17%), ETA: 0:10:59, Rate: 53.6 cps, Current: 11, 79
[23:47:25 INFO]: [Chunky] Task running for world. Processed: 22816 chunks (39.28%), ETA: 0:10:51, Rate: 54.2 cps, Current: 3, 85
[23:47:26 INFO]: [Chunky] Task running for world. Processed: 22866 chunks (39.37%), ETA: 0:10:41, Rate: 54.9 cps, Current: 2, 91
[23:47:27 INFO]: [Chunky] Task running for world. Processed: 22915 chunks (39.45%), ETA: 0:10:39, Rate: 55.0 cps, Current: 9, 88
[23:47:28 INFO]: [Chunky] Task running for world. Processed: 22954 chunks (39.52%), ETA: 0:10:54, Rate: 53.7 cps, Current: 13, 90
[23:47:29 INFO]: [Chunky] Task running for world. Processed: 23041 chunks (39.67%), ETA: 0:11:12, Rate: 52.1 cps, Current: 16, 80
[23:47:30 INFO]: [Chunky] Task running for world. Processed: 23078 chunks (39.73%), ETA: 0:11:25, Rate: 51.0 cps, Current: 22, 83
[23:47:31 INFO]: [Chunky] Task running for world. Processed: 23129 chunks (39.82%), ETA: 0:11:25, Rate: 51.0 cps, Current: 19, 91
[23:47:32 INFO]: [Chunky] Task running for world. Processed: 23174 chunks (39.90%), ETA: 0:11:23, Rate: 51.0 cps, Current: 25, 90
[23:47:33 INFO]: [Chunky] Task running for world. Processed: 23213 chunks (39.97%), ETA: 0:11:21, Rate: 51.1 cps, Current: 27, 95
[23:47:34 INFO]: [Chunky] Task running for world. Processed: 23271 chunks (40.07%), ETA: 0:11:30, Rate: 50.4 cps, Current: 30, 84
[23:47:35 INFO]: [Chunky] Task running for world. Processed: 23298 chunks (40.11%), ETA: 0:11:41, Rate: 49.6 cps, Current: 28, 79
[23:47:36 INFO]: [Chunky] Task running for world. Processed: 23333 chunks (40.17%), ETA: 0:11:47, Rate: 49.1 cps, Current: 27, 73
[23:47:37 INFO]: [Chunky] Task running for world. Processed: 23418 chunks (40.32%), ETA: 0:11:26, Rate: 50.5 cps, Current: 23, 72
[23:47:39 INFO]: [Chunky] Task running for world. Processed: 23523 chunks (40.50%), ETA: 0:10:57, Rate: 52.6 cps, Current: 30, 71
[23:47:40 INFO]: [Chunky] Task running for world. Processed: 23578 chunks (40.60%), ETA: 0:10:57, Rate: 52.5 cps, Current: 36, 64
[23:47:41 INFO]: [Chunky] Task running for world. Processed: 23636 chunks (40.69%), ETA: 0:10:54, Rate: 52.6 cps, Current: 46, 65
[23:47:42 INFO]: [Chunky] Task running for world. Processed: 23690 chunks (40.79%), ETA: 0:10:53, Rate: 52.6 cps, Current: 47, 70
[23:47:43 INFO]: [Chunky] Task running for world. Processed: 23727 chunks (40.85%), ETA: 0:10:54, Rate: 52.5 cps, Current: 45, 78
[23:47:44 INFO]: [Chunky] Task running for world. Processed: 23811 chunks (41.00%), ETA: 0:10:40, Rate: 53.5 cps, Current: 32, 82
[23:47:45 INFO]: [Chunky] Task running for world. Processed: 23867 chunks (41.09%), ETA: 0:10:29, Rate: 54.3 cps, Current: 32, 90
[23:47:46 INFO]: [Chunky] Task running for world. Processed: 23914 chunks (41.17%), ETA: 0:10:26, Rate: 54.6 cps, Current: 35, 94
[23:47:47 INFO]: [Chunky] Task running for world. Processed: 23955 chunks (41.24%), ETA: 0:10:39, Rate: 53.3 cps, Current: 42, 88
[23:47:48 INFO]: [Chunky] Task running for world. Processed: 23994 chunks (41.31%), ETA: 0:11:10, Rate: 50.9 cps, Current: 46, 90
[23:47:49 INFO]: [Chunky] Task running for world. Processed: 24067 chunks (41.44%), ETA: 0:11:05, Rate: 51.1 cps, Current: 48, 82
[23:47:50 INFO]: [Chunky] Task running for world. Processed: 24111 chunks (41.51%), ETA: 0:10:59, Rate: 51.5 cps, Current: 48, 87
[23:47:51 INFO]: [Chunky] Task running for world. Processed: 24164 chunks (41.60%), ETA: 0:10:57, Rate: 51.6 cps, Current: 53, 89
[23:47:52 INFO]: [Chunky] Task running for world. Processed: 24206 chunks (41.68%), ETA: 0:10:55, Rate: 51.7 cps, Current: 55, 95
[23:47:53 INFO]: [Chunky] Task running for world. Processed: 24240 chunks (41.73%), ETA: 0:11:06, Rate: 50.8 cps, Current: 62, 93
[23:47:54 INFO]: [Chunky] Task running for world. Processed: 24295 chunks (41.83%), ETA: 0:11:11, Rate: 50.3 cps, Current: 62, 84
[23:47:55 INFO]: [Chunky] Task running for world. Processed: 24323 chunks (41.88%), ETA: 0:11:21, Rate: 49.5 cps, Current: 63, 82
[23:47:56 INFO]: [Chunky] Task running for world. Processed: 24377 chunks (41.97%), ETA: 0:11:17, Rate: 49.8 cps, Current: 53, 79
[23:47:57 INFO]: [Chunky] Task running for world. Processed: 24450 chunks (42.10%), ETA: 0:10:59, Rate: 51.0 cps, Current: 48, 71
[23:47:58 INFO]: [Chunky] Task running for world. Processed: 24570 chunks (42.30%), ETA: 0:10:36, Rate: 52.6 cps, Current: 63, 70
[23:47:59 INFO]: [Chunky] Task running for world. Processed: 24623 chunks (42.39%), ETA: 0:10:29, Rate: 53.2 cps, Current: 73, 64
[23:48:00 INFO]: [Chunky] Task running for world. Processed: 24674 chunks (42.48%), ETA: 0:10:28, Rate: 53.2 cps, Current: 77, 67
[23:48:02 INFO]: [Chunky] Task running for world. Processed: 24724 chunks (42.57%), ETA: 0:10:26, Rate: 53.2 cps, Current: 77, 75
[23:48:03 INFO]: [Chunky] Task running for world. Processed: 24774 chunks (42.65%), ETA: 0:10:20, Rate: 53.6 cps, Current: 69, 72
[23:48:04 INFO]: [Chunky] Task running for world. Processed: 24845 chunks (42.78%), ETA: 0:10:15, Rate: 54.0 cps, Current: 66, 81
[23:48:05 INFO]: [Chunky] Task running for world. Processed: 24901 chunks (42.87%), ETA: 0:10:04, Rate: 54.9 cps, Current: 71, 85
[23:48:06 INFO]: [Chunky] Task running for world. Processed: 24954 chunks (42.96%), ETA: 0:09:56, Rate: 55.6 cps, Current: 73, 89
[23:48:07 INFO]: [Chunky] Task running for world. Processed: 24997 chunks (43.04%), ETA: 0:10:11, Rate: 54.1 cps, Current: 77, 91
[23:48:08 INFO]: [Chunky] Task running for world. Processed: 25082 chunks (43.18%), ETA: 0:10:16, Rate: 53.5 cps, Current: 79, 86
[23:48:09 INFO]: [Chunky] Task running for world. Processed: 25108 chunks (43.23%), ETA: 0:10:26, Rate: 52.6 cps, Current: 85, 84
[23:48:10 INFO]: [Chunky] Task running for world. Processed: 25165 chunks (43.33%), ETA: 0:10:24, Rate: 52.7 cps, Current: 81, 91
[23:48:11 INFO]: [Chunky] Task running for world. Processed: 25215 chunks (43.41%), ETA: 0:10:27, Rate: 52.3 cps, Current: 87, 92
[23:48:12 INFO]: [Chunky] Task running for world. Processed: 25253 chunks (43.48%), ETA: 0:10:25, Rate: 52.5 cps, Current: 93, 91
[23:48:13 INFO]: [Chunky] Task running for world. Processed: 25315 chunks (43.59%), ETA: 0:10:33, Rate: 51.7 cps, Current: 91, 84
[23:48:14 INFO]: [Chunky] Task running for world. Processed: 25348 chunks (43.64%), ETA: 0:10:43, Rate: 50.9 cps, Current: 93, 76
[23:48:15 INFO]: [Chunky] Task running for world. Processed: 25410 chunks (43.75%), ETA: 0:10:33, Rate: 51.5 cps, Current: 91, 72
[23:48:16 INFO]: [Chunky] Task running for world. Processed: 25526 chunks (43.95%), ETA: 0:10:02, Rate: 54.0 cps, Current: 86, 64
[23:48:17 INFO]: [Chunky] Task running for world. Processed: 25595 chunks (44.07%), ETA: 0:09:48, Rate: 55.2 cps, Current: 95, 70
[23:48:18 INFO]: [Chunky] Task running for world. Processed: 25657 chunks (44.17%), ETA: 0:09:47, Rate: 55.2 cps, Current: 97, 88
[23:48:19 INFO]: [Chunky] Task running for world. Processed: 25718 chunks (44.28%), ETA: 0:09:45, Rate: 55.3 cps, Current: 99, 85
[23:48:20 INFO]: [Chunky] Task running for world. Processed: 25781 chunks (44.39%), ETA: 0:09:37, Rate: 55.9 cps, Current: 101, 84
[23:48:21 INFO]: [Chunky] Task running for world. Processed: 25830 chunks (44.47%), ETA: 0:09:36, Rate: 55.9 cps, Current: 103, 70
[23:48:22 INFO]: [Chunky] Task running for world. Processed: 25881 chunks (44.56%), ETA: 0:09:32, Rate: 56.2 cps, Current: 104, 88
[23:48:23 INFO]: [Chunky] Task running for world. Processed: 25921 chunks (44.63%), ETA: 0:09:29, Rate: 56.5 cps, Current: 106, 74
[23:48:24 INFO]: [Chunky] Task running for world. Processed: 25975 chunks (44.72%), ETA: 0:09:29, Rate: 56.4 cps, Current: 107, 86
[23:48:25 INFO]: [Chunky] Task running for world. Processed: 26020 chunks (44.80%), ETA: 0:09:22, Rate: 57.0 cps, Current: 109, 72
[23:48:26 INFO]: [Chunky] Task running for world. Processed: 26079 chunks (44.90%), ETA: 0:09:20, Rate: 57.1 cps, Current: 110, 94
[23:48:27 INFO]: [Chunky] Task running for world. Processed: 26138 chunks (45.00%), ETA: 0:09:24, Rate: 56.6 cps, Current: 112, 89
[23:48:28 INFO]: [Chunky] Task running for world. Processed: 26201 chunks (45.11%), ETA: 0:09:43, Rate: 54.6 cps, Current: 114, 88
[23:48:29 INFO]: [Chunky] Task running for world. Processed: 26259 chunks (45.21%), ETA: 0:09:40, Rate: 54.8 cps, Current: 116, 82
[23:48:30 INFO]: [Chunky] Task running for world. Processed: 26305 chunks (45.29%), ETA: 0:09:43, Rate: 54.5 cps, Current: 118, 74
[23:48:32 INFO]: [Chunky] Task running for world. Processed: 26365 chunks (45.39%), ETA: 0:09:34, Rate: 55.2 cps, Current: 119, 92
[23:48:33 INFO]: [Chunky] Task running for world. Processed: 26397 chunks (45.45%), ETA: 0:09:49, Rate: 53.7 cps, Current: 120, 92
[23:48:34 INFO]: [Chunky] Task running for world. Processed: 26433 chunks (45.51%), ETA: 0:09:58, Rate: 52.9 cps, Current: 97, 35
[23:48:35 INFO]: [Chunky] Task running for world. Processed: 26497 chunks (45.62%), ETA: 0:09:52, Rate: 53.3 cps, Current: 99, 35
[23:48:36 INFO]: [Chunky] Task running for world. Processed: 26566 chunks (45.74%), ETA: 0:09:41, Rate: 54.2 cps, Current: 101, 38
[23:48:37 INFO]: [Chunky] Task running for world. Processed: 26625 chunks (45.84%), ETA: 0:09:41, Rate: 54.1 cps, Current: 103, 35
[23:48:38 INFO]: [Chunky] Task running for world. Processed: 26689 chunks (45.95%), ETA: 0:09:33, Rate: 54.8 cps, Current: 105, 34
[23:48:39 INFO]: [Chunky] Task running for world. Processed: 26753 chunks (46.06%), ETA: 0:09:30, Rate: 54.9 cps, Current: 107, 34
[23:48:40 INFO]: [Chunky] Task running for world. Processed: 26817 chunks (46.17%), ETA: 0:09:26, Rate: 55.1 cps, Current: 109, 34
[23:48:41 INFO]: [Chunky] Task running for world. Processed: 26881 chunks (46.28%), ETA: 0:09:19, Rate: 55.8 cps, Current: 111, 33
[23:48:42 INFO]: [Chunky] Task running for world. Processed: 26945 chunks (46.39%), ETA: 0:09:18, Rate: 55.7 cps, Current: 113, 32
[23:48:43 INFO]: [Chunky] Task running for world. Processed: 27009 chunks (46.50%), ETA: 0:09:11, Rate: 56.3 cps, Current: 115, 32
[23:48:44 INFO]: [Chunky] Task running for world. Processed: 27073 chunks (46.61%), ETA: 0:09:11, Rate: 56.2 cps, Current: 117, 32
[23:48:46 INFO]: [Chunky] Task running for world. Processed: 27137 chunks (46.72%), ETA: 0:09:23, Rate: 54.9 cps, Current: 119, 32
[23:48:47 INFO]: [Chunky] Task running for world. Processed: 27184 chunks (46.80%), ETA: 0:09:35, Rate: 53.7 cps, Current: 120, 47
[23:48:48 INFO]: [Chunky] Task running for world. Processed: 27201 chunks (46.83%), ETA: 0:09:55, Rate: 51.9 cps, Current: 96, 2
[23:48:49 INFO]: [Chunky] Task running for world. Processed: 27283 chunks (46.97%), ETA: 0:09:46, Rate: 52.5 cps, Current: 98, 18
[23:48:50 INFO]: [Chunky] Task running for world. Processed: 27348 chunks (47.09%), ETA: 0:09:45, Rate: 52.5 cps, Current: 100, 19
[23:48:51 INFO]: [Chunky] Task running for world. Processed: 27425 chunks (47.22%), ETA: 0:09:35, Rate: 53.2 cps, Current: 103, 5
[23:48:52 INFO]: [Chunky] Task running for world. Processed: 27503 chunks (47.35%), ETA: 0:09:21, Rate: 54.5 cps, Current: 105, 14
[23:48:53 INFO]: [Chunky] Task running for world. Processed: 27569 chunks (47.47%), ETA: 0:09:16, Rate: 54.9 cps, Current: 107, 16
[23:48:54 INFO]: [Chunky] Task running for world. Processed: 27629 chunks (47.57%), ETA: 0:09:10, Rate: 55.4 cps, Current: 109, 12
[23:48:55 INFO]: [Chunky] Task running for world. Processed: 27681 chunks (47.66%), ETA: 0:09:13, Rate: 54.9 cps, Current: 111, 6
[23:48:56 INFO]: [Chunky] Task running for world. Processed: 27745 chunks (47.77%), ETA: 0:09:11, Rate: 55.0 cps, Current: 113, 6
[23:48:58 INFO]: [Chunky] Task running for world. Processed: 27808 chunks (47.88%), ETA: 0:09:09, Rate: 55.1 cps, Current: 114, 0
[23:48:59 INFO]: [Chunky] Task running for world. Processed: 27871 chunks (47.99%), ETA: 0:09:06, Rate: 55.3 cps, Current: 116, 1
[23:49:00 INFO]: [Chunky] Task running for world. Processed: 27929 chunks (48.09%), ETA: 0:09:00, Rate: 55.8 cps, Current: 118, 7
[23:49:01 INFO]: [Chunky] Task running for world. Processed: 27980 chunks (48.17%), ETA: 0:09:01, Rate: 55.6 cps, Current: 120, 18
[23:49:02 INFO]: [Chunky] Task running for world. Processed: 28001 chunks (48.21%), ETA: 0:09:07, Rate: 55.0 cps, Current: 96, -17
[23:49:03 INFO]: [Chunky] Task running for world. Processed: 28065 chunks (48.32%), ETA: 0:08:58, Rate: 55.7 cps, Current: 98, -19
[23:49:04 INFO]: [Chunky] Task running for world. Processed: 28129 chunks (48.43%), ETA: 0:08:58, Rate: 55.6 cps, Current: 100, -31
[23:49:05 INFO]: [Chunky] Task running for world. Processed: 28193 chunks (48.54%), ETA: 0:08:57, Rate: 55.6 cps, Current: 102, -31
[23:49:06 INFO]: [Chunky] Task running for world. Processed: 28257 chunks (48.65%), ETA: 0:08:56, Rate: 55.6 cps, Current: 104, -31
[23:49:07 INFO]: [Chunky] Task running for world. Processed: 28326 chunks (48.77%), ETA: 0:08:53, Rate: 55.8 cps, Current: 106, -27
[23:49:08 INFO]: [Chunky] Task running for world. Processed: 28394 chunks (48.89%), ETA: 0:08:49, Rate: 56.1 cps, Current: 108, -23
[23:49:09 INFO]: [Chunky] Task running for world. Processed: 28456 chunks (48.99%), ETA: 0:08:48, Rate: 56.1 cps, Current: 110, -25
[23:49:10 INFO]: [Chunky] Task running for world. Processed: 28513 chunks (49.09%), ETA: 0:08:47, Rate: 56.0 cps, Current: 112, -31
[23:49:11 INFO]: [Chunky] Task running for world. Processed: 28577 chunks (49.20%), ETA: 0:08:44, Rate: 56.2 cps, Current: 114, -30
[23:49:12 INFO]: [Chunky] Task running for world. Processed: 28641 chunks (49.31%), ETA: 0:08:40, Rate: 56.5 cps, Current: 116, -28
[23:49:13 INFO]: [Chunky] Task running for world. Processed: 28705 chunks (49.42%), ETA: 0:08:39, Rate: 56.5 cps, Current: 118, -29
[23:49:15 INFO]: [Chunky] Task running for world. Processed: 28769 chunks (49.53%), ETA: 0:08:45, Rate: 55.8 cps, Current: 120, -29
[23:49:16 INFO]: [Chunky] Task running for world. Processed: 28801 chunks (49.59%), ETA: 0:08:57, Rate: 54.5 cps, Current: 96, -49
[23:49:17 INFO]: [Chunky] Task running for world. Processed: 28880 chunks (49.72%), ETA: 0:08:32, Rate: 57.0 cps, Current: 98, -62
[23:49:18 INFO]: [Chunky] Task running for world. Processed: 28938 chunks (49.82%), ETA: 0:08:37, Rate: 56.3 cps, Current: 100, -56
[23:49:19 INFO]: [Chunky] Task running for world. Processed: 28993 chunks (49.92%), ETA: 0:08:40, Rate: 55.9 cps, Current: 102, -54
[23:49:20 INFO]: [Chunky] Task running for world. Processed: 29057 chunks (50.03%), ETA: 0:08:42, Rate: 55.5 cps, Current: 104, -54
[23:49:22 INFO]: [Chunky] Task running for world. Processed: 29121 chunks (50.14%), ETA: 0:08:45, Rate: 55.1 cps, Current: 106, -56
[23:49:23 INFO]: [Chunky] Task running for world. Processed: 29153 chunks (50.19%), ETA: 0:08:55, Rate: 54.0 cps, Current: 106, -45
[23:49:24 INFO]: [Chunky] Task running for world. Processed: 29223 chunks (50.31%), ETA: 0:08:50, Rate: 54.4 cps, Current: 109, -58
[23:49:25 INFO]: [Chunky] Task running for world. Processed: 29287 chunks (50.42%), ETA: 0:08:42, Rate: 55.1 cps, Current: 111, -64
[23:49:26 INFO]: [Chunky] Task running for world. Processed: 29336 chunks (50.51%), ETA: 0:08:45, Rate: 54.7 cps, Current: 112, -42
[23:49:27 INFO]: [Chunky] Task running for world. Processed: 29391 chunks (50.60%), ETA: 0:08:47, Rate: 54.4 cps, Current: 114, -50
[23:49:28 INFO]: [Chunky] Task running for world. Processed: 29452 chunks (50.71%), ETA: 0:08:46, Rate: 54.4 cps, Current: 116, -53
[23:49:29 INFO]: [Chunky] Task running for world. Processed: 29505 chunks (50.80%), ETA: 0:08:47, Rate: 54.1 cps, Current: 118, -64
[23:49:30 INFO]: [Chunky] Task running for world. Processed: 29569 chunks (50.91%), ETA: 0:08:44, Rate: 54.3 cps, Current: 120, -64
[23:49:32 INFO]: [Chunky] Task running for world. Processed: 29601 chunks (50.97%), ETA: 0:09:05, Rate: 52.2 cps, Current: 96, -65
[23:49:34 INFO]: [Chunky] Task running for world. Processed: 29603 chunks (50.97%), ETA: 0:09:37, Rate: 49.3 cps, Current: 96, -67
[23:49:35 INFO]: [Chunky] Task running for world. Processed: 29687 chunks (51.11%), ETA: 0:09:29, Rate: 49.8 cps, Current: 98, -75
[23:49:36 INFO]: [Chunky] Task running for world. Processed: 29761 chunks (51.24%), ETA: 0:09:32, Rate: 49.4 cps, Current: 101, -90
[23:49:37 INFO]: [Chunky] Task running for world. Processed: 29836 chunks (51.37%), ETA: 0:09:27, Rate: 49.7 cps, Current: 103, -85
[23:49:38 INFO]: [Chunky] Task running for world. Processed: 29904 chunks (51.49%), ETA: 0:09:24, Rate: 50.0 cps, Current: 105, -81
[23:49:39 INFO]: [Chunky] Task running for world. Processed: 29970 chunks (51.60%), ETA: 0:09:20, Rate: 50.2 cps, Current: 107, -79
[23:49:40 INFO]: [Chunky] Task running for world. Processed: 30033 chunks (51.71%), ETA: 0:09:18, Rate: 50.3 cps, Current: 109, -80
[23:49:41 INFO]: [Chunky] Task running for world. Processed: 30081 chunks (51.79%), ETA: 0:09:22, Rate: 49.7 cps, Current: 111, -91
[23:49:42 INFO]: [Chunky] Task running for world. Processed: 30163 chunks (51.93%), ETA: 0:09:12, Rate: 50.6 cps, Current: 113, -78
[23:49:43 INFO]: [Chunky] Task running for world. Processed: 30228 chunks (52.04%), ETA: 0:09:06, Rate: 51.0 cps, Current: 115, -77
[23:49:44 INFO]: [Chunky] Task running for world. Processed: 30292 chunks (52.15%), ETA: 0:08:59, Rate: 51.5 cps, Current: 117, -77
[23:49:45 INFO]: [Chunky] Task running for world. Processed: 30346 chunks (52.25%), ETA: 0:08:43, Rate: 53.0 cps, Current: 119, -81
[23:49:48 INFO]: [Chunky] Task running for world. Processed: 30401 chunks (52.34%), ETA: 0:09:17, Rate: 49.6 cps, Current: 66, -92
[23:49:49 INFO]: [Chunky] Task running for world. Processed: 30442 chunks (52.41%), ETA: 0:09:21, Rate: 49.2 cps, Current: 64, -89
[23:49:50 INFO]: [Chunky] Task running for world. Processed: 30476 chunks (52.47%), ETA: 0:09:30, Rate: 48.4 cps, Current: 74, -95
[23:49:51 INFO]: [Chunky] Task running for world. Processed: 30534 chunks (52.57%), ETA: 0:09:30, Rate: 48.3 cps, Current: 76, -88
[23:49:52 INFO]: [Chunky] Task running for world. Processed: 30577 chunks (52.65%), ETA: 0:09:25, Rate: 48.6 cps, Current: 79, -85
[23:49:53 INFO]: [Chunky] Task running for world. Processed: 30640 chunks (52.75%), ETA: 0:09:27, Rate: 48.4 cps, Current: 64, -87
[23:49:54 INFO]: [Chunky] Task running for world. Processed: 30677 chunks (52.82%), ETA: 0:09:37, Rate: 47.5 cps, Current: 64, -81
[23:49:55 INFO]: [Chunky] Task running for world. Processed: 30708 chunks (52.87%), ETA: 0:09:46, Rate: 46.7 cps, Current: 66, -73
[23:49:56 INFO]: [Chunky] Task running for world. Processed: 30800 chunks (53.03%), ETA: 0:09:29, Rate: 47.9 cps, Current: 74, -65
[23:49:57 INFO]: [Chunky] Task running for world. Processed: 30883 chunks (53.17%), ETA: 0:09:20, Rate: 48.6 cps, Current: 75, -80
[23:49:58 INFO]: [Chunky] Task running for world. Processed: 30923 chunks (53.24%), ETA: 0:09:24, Rate: 48.1 cps, Current: 81, -77
[23:49:59 INFO]: [Chunky] Task running for world. Processed: 30975 chunks (53.33%), ETA: 0:09:24, Rate: 48.0 cps, Current: 87, -80
[23:50:00 INFO]: [Chunky] Task running for world. Processed: 31044 chunks (53.45%), ETA: 0:08:41, Rate: 51.8 cps, Current: 88, -66
[23:50:01 INFO]: [Chunky] Task running for world. Processed: 31162 chunks (53.65%), ETA: 0:08:18, Rate: 54.0 cps, Current: 95, -80
[23:50:02 INFO]: [Chunky] Task running for world. Processed: 31223 chunks (53.76%), ETA: 0:08:15, Rate: 54.2 cps, Current: 91, -87
[23:50:03 INFO]: [Chunky] Task running for world. Processed: 31311 chunks (53.91%), ETA: 0:07:40, Rate: 58.1 cps, Current: 80, -91
[23:50:04 INFO]: [Chunky] Task running for world. Processed: 31382 chunks (54.03%), ETA: 0:07:41, Rate: 57.9 cps, Current: 95, -90
[23:50:06 INFO]: [Chunky] Task running for world. Processed: 31425 chunks (54.11%), ETA: 0:08:12, Rate: 54.2 cps, Current: 34, -91
[23:50:07 INFO]: [Chunky] Task running for world. Processed: 31471 chunks (54.18%), ETA: 0:08:18, Rate: 53.4 cps, Current: 36, -94
[23:50:08 INFO]: [Chunky] Task running for world. Processed: 31486 chunks (54.21%), ETA: 0:08:34, Rate: 51.7 cps, Current: 37, -96
[23:50:09 INFO]: [Chunky] Task running for world. Processed: 31542 chunks (54.31%), ETA: 0:08:35, Rate: 51.5 cps, Current: 47, -94
[23:50:11 INFO]: [Chunky] Task running for world. Processed: 31585 chunks (54.38%), ETA: 0:08:37, Rate: 51.2 cps, Current: 47, -87
[23:50:12 INFO]: [Chunky] Task running for world. Processed: 31642 chunks (54.48%), ETA: 0:08:44, Rate: 50.4 cps, Current: 32, -88
[23:50:13 INFO]: [Chunky] Task running for world. Processed: 31690 chunks (54.56%), ETA: 0:08:48, Rate: 49.9 cps, Current: 33, -78
[23:50:14 INFO]: [Chunky] Task running for world. Processed: 31721 chunks (54.62%), ETA: 0:08:57, Rate: 49.0 cps, Current: 33, -76
[23:50:15 INFO]: [Chunky] Task running for world. Processed: 31777 chunks (54.71%), ETA: 0:08:56, Rate: 49.0 cps, Current: 36, -65
[23:50:16 INFO]: [Chunky] Task running for world. Processed: 31850 chunks (54.84%), ETA: 0:08:22, Rate: 52.2 cps, Current: 43, -71
[23:50:17 INFO]: [Chunky] Task running for world. Processed: 31936 chunks (54.99%), ETA: 0:08:10, Rate: 53.3 cps, Current: 47, -78
[23:50:18 INFO]: [Chunky] Task running for world. Processed: 31969 chunks (55.04%), ETA: 0:08:16, Rate: 52.6 cps, Current: 50, -80
[23:50:19 INFO]: [Chunky] Task running for world. Processed: 32040 chunks (55.16%), ETA: 0:08:06, Rate: 53.6 cps, Current: 52, -67
[23:50:20 INFO]: [Chunky] Task running for world. Processed: 32140 chunks (55.34%), ETA: 0:07:46, Rate: 55.6 cps, Current: 62, -74
[23:50:21 INFO]: [Chunky] Task running for world. Processed: 32221 chunks (55.48%), ETA: 0:07:38, Rate: 56.3 cps, Current: 59, -83
[23:50:22 INFO]: [Chunky] Task running for world. Processed: 32276 chunks (55.57%), ETA: 0:07:34, Rate: 56.8 cps, Current: 58, -88
[23:50:23 INFO]: [Chunky] Task running for world. Processed: 32350 chunks (55.70%), ETA: 0:07:29, Rate: 57.2 cps, Current: 49, -93
[23:50:24 INFO]: [Chunky] Task running for world. Processed: 32435 chunks (55.84%), ETA: 0:07:15, Rate: 58.8 cps, Current: 59, -95
[23:50:25 INFO]: [Chunky] Task running for world. Processed: 32449 chunks (55.87%), ETA: 0:07:34, Rate: 56.4 cps, Current: 2, -91
[23:50:26 INFO]: [Chunky] Task running for world. Processed: 32492 chunks (55.94%), ETA: 0:07:44, Rate: 55.1 cps, Current: 3, -89
[23:50:27 INFO]: [Chunky] Task running for world. Processed: 32517 chunks (55.99%), ETA: 0:07:48, Rate: 54.6 cps, Current: 11, -94
[23:50:28 INFO]: [Chunky] Task running for world. Processed: 32582 chunks (56.10%), ETA: 0:07:41, Rate: 55.3 cps, Current: 12, -88
[23:50:29 INFO]: [Chunky] Task running for world. Processed: 32627 chunks (56.17%), ETA: 0:07:50, Rate: 54.1 cps, Current: 7, -83
[23:50:30 INFO]: [Chunky] Task running for world. Processed: 32694 chunks (56.29%), ETA: 0:08:03, Rate: 52.5 cps, Current: 2, -80
[23:50:31 INFO]: [Chunky] Task running for world. Processed: 32737 chunks (56.36%), ETA: 0:08:07, Rate: 52.0 cps, Current: 4, -76
[23:50:32 INFO]: [Chunky] Task running for world. Processed: 32757 chunks (56.40%), ETA: 0:08:28, Rate: 49.8 cps, Current: 2, -73
[23:50:34 INFO]: [Chunky] Task running for world. Processed: 32852 chunks (56.56%), ETA: 0:08:18, Rate: 50.6 cps, Current: 12, -65
[23:50:35 INFO]: [Chunky] Task running for world. Processed: 32932 chunks (56.70%), ETA: 0:07:48, Rate: 53.7 cps, Current: 11, -76
[23:50:36 INFO]: [Chunky] Task running for world. Processed: 32975 chunks (56.77%), ETA: 0:07:51, Rate: 53.2 cps, Current: 20, -76
[23:50:37 INFO]: [Chunky] Task running for world. Processed: 33040 chunks (56.89%), ETA: 0:07:44, Rate: 53.9 cps, Current: 23, -73
[23:50:38 INFO]: [Chunky] Task running for world. Processed: 33142 chunks (57.06%), ETA: 0:07:18, Rate: 56.8 cps, Current: 26, -72
[23:50:39 INFO]: [Chunky] Task running for world. Processed: 33227 chunks (57.21%), ETA: 0:07:09, Rate: 57.8 cps, Current: 30, -84
[23:50:40 INFO]: [Chunky] Task running for world. Processed: 33316 chunks (57.36%), ETA: 0:06:56, Rate: 59.4 cps, Current: 18, -85
[23:50:41 INFO]: [Chunky] Task running for world. Processed: 33387 chunks (57.48%), ETA: 0:06:52, Rate: 59.8 cps, Current: 23, -91
[23:50:43 INFO]: [Chunky] Task running for world. Processed: 33473 chunks (57.63%), ETA: 0:06:50, Rate: 59.9 cps, Current: -30, -91
[23:50:44 INFO]: [Chunky] Task running for world. Processed: 33529 chunks (57.73%), ETA: 0:06:51, Rate: 59.7 cps, Current: -28, -95
[23:50:45 INFO]: [Chunky] Task running for world. Processed: 33575 chunks (57.81%), ETA: 0:06:58, Rate: 58.6 cps, Current: -21, -96
[23:50:46 INFO]: [Chunky] Task running for world. Processed: 33622 chunks (57.89%), ETA: 0:07:06, Rate: 57.3 cps, Current: -19, -85
[23:50:47 INFO]: [Chunky] Task running for world. Processed: 33677 chunks (57.98%), ETA: 0:07:00, Rate: 58.0 cps, Current: -21, -81
[23:50:48 INFO]: [Chunky] Task running for world. Processed: 33726 chunks (58.07%), ETA: 0:07:05, Rate: 57.2 cps, Current: -32, -86
[23:50:49 INFO]: [Chunky] Task running for world. Processed: 33763 chunks (58.13%), ETA: 0:07:20, Rate: 55.2 cps, Current: -28, -75
[23:50:50 INFO]: [Chunky] Task running for world. Processed: 33810 chunks (58.21%), ETA: 0:07:30, Rate: 53.9 cps, Current: -29, -66
[23:50:51 INFO]: [Chunky] Task running for world. Processed: 33876 chunks (58.33%), ETA: 0:07:25, Rate: 54.3 cps, Current: -20, -65
[23:50:52 INFO]: [Chunky] Task running for world. Processed: 33955 chunks (58.46%), ETA: 0:07:24, Rate: 54.3 cps, Current: -21, -80
[23:50:53 INFO]: [Chunky] Task running for world. Processed: 33995 chunks (58.53%), ETA: 0:07:37, Rate: 52.7 cps, Current: -15, -77
[23:50:54 INFO]: [Chunky] Task running for world. Processed: 34051 chunks (58.63%), ETA: 0:07:17, Rate: 55.0 cps, Current: -15, -70
[23:50:56 INFO]: [Chunky] Task running for world. Processed: 34139 chunks (58.78%), ETA: 0:07:04, Rate: 56.4 cps, Current: -7, -71
[23:50:57 INFO]: [Chunky] Task running for world. Processed: 34243 chunks (58.96%), ETA: 0:06:42, Rate: 59.2 cps, Current: -1, -83
[23:50:58 INFO]: [Chunky] Task running for world. Processed: 34311 chunks (59.07%), ETA: 0:06:40, Rate: 59.4 cps, Current: -4, -88
[23:50:59 INFO]: [Chunky] Task running for world. Processed: 34401 chunks (59.23%), ETA: 0:06:29, Rate: 60.9 cps, Current: -15, -94
[23:51:00 INFO]: [Chunky] Task running for world. Processed: 34479 chunks (59.36%), ETA: 0:06:25, Rate: 61.2 cps, Current: -5, -94
[23:51:02 INFO]: [Chunky] Task running for world. Processed: 34497 chunks (59.39%), ETA: 0:06:42, Rate: 58.6 cps, Current: -62, -91
[23:51:03 INFO]: [Chunky] Task running for world. Processed: 34533 chunks (59.46%), ETA: 0:06:58, Rate: 56.2 cps, Current: -64, -93
[23:51:04 INFO]: [Chunky] Task running for world. Processed: 34571 chunks (59.52%), ETA: 0:07:09, Rate: 54.8 cps, Current: -54, -95
[23:51:05 INFO]: [Chunky] Task running for world. Processed: 34616 chunks (59.60%), ETA: 0:07:07, Rate: 54.9 cps, Current: -54, -89
[23:51:06 INFO]: [Chunky] Task running for world. Processed: 34651 chunks (59.66%), ETA: 0:07:15, Rate: 53.8 cps, Current: -54, -85
[23:51:07 INFO]: [Chunky] Task running for world. Processed: 34692 chunks (59.73%), ETA: 0:07:30, Rate: 51.9 cps, Current: -49, -82
[23:51:09 INFO]: [Chunky] Task running for world. Processed: 34731 chunks (59.80%), ETA: 0:07:43, Rate: 50.4 cps, Current: -62, -85
[23:51:10 INFO]: [Chunky] Task running for world. Processed: 34763 chunks (59.85%), ETA: 0:08:01, Rate: 48.5 cps, Current: -58, -79
[23:51:11 INFO]: [Chunky] Task running for world. Processed: 34794 chunks (59.91%), ETA: 0:08:14, Rate: 47.1 cps, Current: -58, -75
[23:51:12 INFO]: [Chunky] Task running for world. Processed: 34833 chunks (59.97%), ETA: 0:08:12, Rate: 47.2 cps, Current: -64, -74
[23:51:13 INFO]: [Chunky] Task running for world. Processed: 34883 chunks (60.06%), ETA: 0:08:10, Rate: 47.2 cps, Current: -56, -70
[23:51:14 INFO]: [Chunky] Task running for world. Processed: 34932 chunks (60.14%), ETA: 0:08:09, Rate: 47.3 cps, Current: -50, -68
[23:51:15 INFO]: [Chunky] Task running for world. Processed: 35009 chunks (60.28%), ETA: 0:07:57, Rate: 48.4 cps, Current: -48, -80
[23:51:16 INFO]: [Chunky] Task running for world. Processed: 35040 chunks (60.33%), ETA: 0:08:03, Rate: 47.6 cps, Current: -43, -79
[23:51:17 INFO]: [Chunky] Task running for world. Processed: 35097 chunks (60.43%), ETA: 0:08:02, Rate: 47.7 cps, Current: -45, -65
[23:51:18 INFO]: [Chunky] Task running for world. Processed: 35190 chunks (60.59%), ETA: 0:07:46, Rate: 49.1 cps, Current: -38, -72
[23:51:19 INFO]: [Chunky] Task running for world. Processed: 35278 chunks (60.74%), ETA: 0:07:28, Rate: 50.8 cps, Current: -34, -85
[23:51:20 INFO]: [Chunky] Task running for world. Processed: 35336 chunks (60.84%), ETA: 0:07:19, Rate: 51.7 cps, Current: -40, -83
[23:51:21 INFO]: [Chunky] Task running for world. Processed: 35415 chunks (60.98%), ETA: 0:07:20, Rate: 51.5 cps, Current: -41, -90
[23:51:22 INFO]: [Chunky] Task running for world. Processed: 35486 chunks (61.10%), ETA: 0:07:17, Rate: 51.6 cps, Current: -33, -91
[23:51:24 INFO]: [Chunky] Task running for world. Processed: 35521 chunks (61.16%), ETA: 0:07:46, Rate: 48.4 cps, Current: -94, -91
[23:51:26 INFO]: [Chunky] Task running for world. Processed: 35577 chunks (61.25%), ETA: 0:08:10, Rate: 45.8 cps, Current: -92, -95
[23:51:27 INFO]: [Chunky] Task running for world. Processed: 35613 chunks (61.32%), ETA: 0:08:23, Rate: 44.7 cps, Current: -83, -91
[23:51:28 INFO]: [Chunky] Task running for world. Processed: 35656 chunks (61.39%), ETA: 0:08:37, Rate: 43.4 cps, Current: -86, -87
[23:51:29 INFO]: [Chunky] Task running for world. Processed: 35692 chunks (61.45%), ETA: 0:08:56, Rate: 41.7 cps, Current: -83, -82
[23:51:30 INFO]: [Chunky] Task running for world. Processed: 35744 chunks (61.54%), ETA: 0:08:13, Rate: 45.3 cps, Current: -92, -86
[23:51:31 INFO]: [Chunky] Task running for world. Processed: 35787 chunks (61.62%), ETA: 0:08:14, Rate: 45.1 cps, Current: -90, -79
[23:51:32 INFO]: [Chunky] Task running for world. Processed: 35824 chunks (61.68%), ETA: 0:08:17, Rate: 44.7 cps, Current: -96, -76
[23:51:33 INFO]: [Chunky] Task running for world. Processed: 35844 chunks (61.71%), ETA: 0:08:21, Rate: 44.3 cps, Current: -95, -71
[23:51:34 INFO]: [Chunky] Task running for world. Processed: 35881 chunks (61.78%), ETA: 0:08:20, Rate: 44.3 cps, Current: -96, -66
[23:51:35 INFO]: [Chunky] Task running for world. Processed: 35922 chunks (61.85%), ETA: 0:08:21, Rate: 44.2 cps, Current: -86, -67
[23:51:36 INFO]: [Chunky] Task running for world. Processed: 35955 chunks (61.90%), ETA: 0:08:20, Rate: 44.2 cps, Current: -83, -73
[23:51:37 INFO]: [Chunky] Task running for world. Processed: 36033 chunks (62.04%), ETA: 0:08:05, Rate: 45.4 cps, Current: -80, -80
[23:51:38 INFO]: [Chunky] Task running for world. Processed: 36065 chunks (62.09%), ETA: 0:08:07, Rate: 45.1 cps, Current: -78, -80
[23:51:39 INFO]: [Chunky] Task running for world. Processed: 36112 chunks (62.18%), ETA: 0:08:01, Rate: 45.7 cps, Current: -78, -71
[23:51:40 INFO]: [Chunky] Task running for world. Processed: 36148 chunks (62.24%), ETA: 0:07:58, Rate: 45.9 cps, Current: -71, -71
[23:51:41 INFO]: [Chunky] Task running for world. Processed: 36216 chunks (62.35%), ETA: 0:07:46, Rate: 46.8 cps, Current: -65, -72
[23:51:42 INFO]: [Chunky] Task running for world. Processed: 36286 chunks (62.47%), ETA: 0:07:38, Rate: 47.6 cps, Current: -70, -80
[23:51:43 INFO]: [Chunky] Task running for world. Processed: 36330 chunks (62.55%), ETA: 0:07:41, Rate: 47.1 cps, Current: -71, -81
[23:51:44 INFO]: [Chunky] Task running for world. Processed: 36408 chunks (62.68%), ETA: 0:07:38, Rate: 47.2 cps, Current: -78, -87
[23:51:45 INFO]: [Chunky] Task running for world. Processed: 36461 chunks (62.78%), ETA: 0:07:28, Rate: 48.2 cps, Current: -76, -94
[23:51:46 INFO]: [Chunky] Task running for world. Processed: 36540 chunks (62.91%), ETA: 0:07:20, Rate: 48.9 cps, Current: -65, -96
[23:51:47 INFO]: [Chunky] Task running for world. Processed: 36547 chunks (62.92%), ETA: 0:07:48, Rate: 46.0 cps, Current: -96, -64
[23:51:48 INFO]: [Chunky] Task running for world. Processed: 36587 chunks (62.99%), ETA: 0:08:04, Rate: 44.4 cps, Current: -90, -59
[23:51:50 INFO]: [Chunky] Task running for world. Processed: 36611 chunks (63.03%), ETA: 0:08:15, Rate: 43.3 cps, Current: -86, -63
[23:51:51 INFO]: [Chunky] Task running for world. Processed: 36656 chunks (63.11%), ETA: 0:08:28, Rate: 42.1 cps, Current: -81, -61
[23:51:52 INFO]: [Chunky] Task running for world. Processed: 36697 chunks (63.18%), ETA: 0:08:40, Rate: 41.0 cps, Current: -84, -53
[23:51:53 INFO]: [Chunky] Task running for world. Processed: 36746 chunks (63.27%), ETA: 0:08:10, Rate: 43.5 cps, Current: -84, -49
[23:51:54 INFO]: [Chunky] Task running for world. Processed: 36790 chunks (63.34%), ETA: 0:08:10, Rate: 43.4 cps, Current: -95, -53
[23:51:55 INFO]: [Chunky] Task running for world. Processed: 36830 chunks (63.41%), ETA: 0:08:11, Rate: 43.3 cps, Current: -91, -44
[23:51:56 INFO]: [Chunky] Task running for world. Processed: 36855 chunks (63.45%), ETA: 0:08:15, Rate: 42.8 cps, Current: -96, -43
[23:51:57 INFO]: [Chunky] Task running for world. Processed: 36900 chunks (63.53%), ETA: 0:08:13, Rate: 42.9 cps, Current: -96, -37
[23:51:58 INFO]: [Chunky] Task running for world. Processed: 36948 chunks (63.61%), ETA: 0:08:07, Rate: 43.3 cps, Current: -88, -33
[23:51:59 INFO]: [Chunky] Task running for world. Processed: 37000 chunks (63.70%), ETA: 0:08:06, Rate: 43.3 cps, Current: -81, -34
[23:52:00 INFO]: [Chunky] Task running for world. Processed: 37059 chunks (63.81%), ETA: 0:07:58, Rate: 43.9 cps, Current: -80, -46
[23:52:01 INFO]: [Chunky] Task running for world. Processed: 37105 chunks (63.88%), ETA: 0:07:54, Rate: 44.2 cps, Current: -80, -39
[23:52:02 INFO]: [Chunky] Task running for world. Processed: 37156 chunks (63.97%), ETA: 0:07:41, Rate: 45.4 cps, Current: -76, -35
[23:52:03 INFO]: [Chunky] Task running for world. Processed: 37180 chunks (64.01%), ETA: 0:07:48, Rate: 44.6 cps, Current: -73, -37
[23:52:04 INFO]: [Chunky] Task running for world. Processed: 37249 chunks (64.13%), ETA: 0:07:35, Rate: 45.7 cps, Current: -65, -41
[23:52:05 INFO]: [Chunky] Task running for world. Processed: 37315 chunks (64.25%), ETA: 0:07:23, Rate: 46.8 cps, Current: -65, -51
[23:52:06 INFO]: [Chunky] Task running for world. Processed: 37383 chunks (64.36%), ETA: 0:07:25, Rate: 46.5 cps, Current: -68, -56
[23:52:07 INFO]: [Chunky] Task running for world. Processed: 37446 chunks (64.47%), ETA: 0:07:13, Rate: 47.6 cps, Current: -78, -57
[23:52:09 INFO]: [Chunky] Task running for world. Processed: 37569 chunks (64.68%), ETA: 0:07:03, Rate: 48.5 cps, Current: -93, -32
[23:52:11 INFO]: [Chunky] Task running for world. Processed: 37613 chunks (64.76%), ETA: 0:07:11, Rate: 47.5 cps, Current: -89, -32
[23:52:12 INFO]: [Chunky] Task running for world. Processed: 37677 chunks (64.87%), ETA: 0:07:11, Rate: 47.3 cps, Current: -82, -29
[23:52:13 INFO]: [Chunky] Task running for world. Processed: 37710 chunks (64.93%), ETA: 0:07:12, Rate: 47.1 cps, Current: -81, -25
[23:52:14 INFO]: [Chunky] Task running for world. Processed: 37726 chunks (64.95%), ETA: 0:07:37, Rate: 44.5 cps, Current: -83, -21
[23:52:15 INFO]: [Chunky] Task running for world. Processed: 37800 chunks (65.08%), ETA: 0:07:28, Rate: 45.2 cps, Current: -92, -17
[23:52:16 INFO]: [Chunky] Task running for world. Processed: 37835 chunks (65.14%), ETA: 0:07:42, Rate: 43.8 cps, Current: -90, -15
[23:52:17 INFO]: [Chunky] Task running for world. Processed: 37865 chunks (65.19%), ETA: 0:07:33, Rate: 44.6 cps, Current: -90, -11
[23:52:18 INFO]: [Chunky] Task running for world. Processed: 37892 chunks (65.24%), ETA: 0:07:37, Rate: 44.1 cps, Current: -96, -10
[23:52:19 INFO]: [Chunky] Task running for world. Processed: 37934 chunks (65.31%), ETA: 0:07:29, Rate: 44.8 cps, Current: -90, -7
[23:52:20 INFO]: [Chunky] Task running for world. Processed: 37975 chunks (65.38%), ETA: 0:07:30, Rate: 44.6 cps, Current: -85, -4
[23:52:21 INFO]: [Chunky] Task running for world. Processed: 38028 chunks (65.47%), ETA: 0:07:24, Rate: 45.1 cps, Current: -88, -13
[23:52:22 INFO]: [Chunky] Task running for world. Processed: 38083 chunks (65.57%), ETA: 0:07:22, Rate: 45.2 cps, Current: -80, -14
[23:52:23 INFO]: [Chunky] Task running for world. Processed: 38126 chunks (65.64%), ETA: 0:07:22, Rate: 45.1 cps, Current: -80, -9
[23:52:24 INFO]: [Chunky] Task running for world. Processed: 38169 chunks (65.72%), ETA: 0:07:20, Rate: 45.2 cps, Current: -77, -5
[23:52:25 INFO]: [Chunky] Task running for world. Processed: 38205 chunks (65.78%), ETA: 0:07:15, Rate: 45.7 cps, Current: -76, -1
[23:52:26 INFO]: [Chunky] Task running for world. Processed: 38273 chunks (65.90%), ETA: 0:07:07, Rate: 46.3 cps, Current: -65, -9
[23:52:27 INFO]: [Chunky] Task running for world. Processed: 38330 chunks (65.99%), ETA: 0:07:03, Rate: 46.6 cps, Current: -65, -16
[23:52:28 INFO]: [Chunky] Task running for world. Processed: 38368 chunks (66.06%), ETA: 0:07:07, Rate: 46.1 cps, Current: -70, -17
[23:52:30 INFO]: [Chunky] Task running for world. Processed: 38410 chunks (66.13%), ETA: 0:07:11, Rate: 45.6 cps, Current: -73, -19
[23:52:31 INFO]: [Chunky] Task running for world. Processed: 38466 chunks (66.23%), ETA: 0:07:06, Rate: 46.0 cps, Current: -80, -25
[23:52:32 INFO]: [Chunky] Task running for world. Processed: 38534 chunks (66.35%), ETA: 0:06:59, Rate: 46.6 cps, Current: -72, -30
[23:52:33 INFO]: [Chunky] Task running for world. Processed: 38593 chunks (66.45%), ETA: 0:06:59, Rate: 46.4 cps, Current: -94, 0
[23:52:34 INFO]: [Chunky] Task running for world. Processed: 38637 chunks (66.52%), ETA: 0:06:59, Rate: 46.3 cps, Current: -96, 2
[23:52:35 INFO]: [Chunky] Task running for world. Processed: 38697 chunks (66.63%), ETA: 0:07:07, Rate: 45.4 cps, Current: -83, 5
[23:52:36 INFO]: [Chunky] Task running for world. Processed: 38738 chunks (66.70%), ETA: 0:07:14, Rate: 44.6 cps, Current: -88, 10
[23:52:37 INFO]: [Chunky] Task running for world. Processed: 38765 chunks (66.74%), ETA: 0:07:26, Rate: 43.2 cps, Current: -82, 14
[23:52:38 INFO]: [Chunky] Task running for world. Processed: 38818 chunks (66.83%), ETA: 0:07:22, Rate: 43.6 cps, Current: -91, 15
[23:52:39 INFO]: [Chunky] Task running for world. Processed: 38853 chunks (66.89%), ETA: 0:07:24, Rate: 43.3 cps, Current: -96, 11
[23:52:40 INFO]: [Chunky] Task running for world. Processed: 38881 chunks (66.94%), ETA: 0:07:27, Rate: 42.9 cps, Current: -89, 18
[23:52:41 INFO]: [Chunky] Task running for world. Processed: 38912 chunks (67.00%), ETA: 0:07:40, Rate: 41.6 cps, Current: -94, 24
[23:52:42 INFO]: [Chunky] Task running for world. Processed: 38950 chunks (67.06%), ETA: 0:07:37, Rate: 41.8 cps, Current: -93, 30
[23:52:43 INFO]: [Chunky] Task running for world. Processed: 38993 chunks (67.14%), ETA: 0:07:22, Rate: 43.1 cps, Current: -88, 30
[23:52:44 INFO]: [Chunky] Task running for world. Processed: 39019 chunks (67.18%), ETA: 0:07:40, Rate: 41.4 cps, Current: -83, 26
[23:52:46 INFO]: [Chunky] Task running for world. Processed: 39084 chunks (67.29%), ETA: 0:07:27, Rate: 42.4 cps, Current: -84, 17
[23:52:47 INFO]: [Chunky] Task running for world. Processed: 39110 chunks (67.34%), ETA: 0:07:29, Rate: 42.3 cps, Current: -79, 17
[23:52:48 INFO]: [Chunky] Task running for world. Processed: 39154 chunks (67.41%), ETA: 0:07:22, Rate: 42.7 cps, Current: -79, 23
[23:52:49 INFO]: [Chunky] Task running for world. Processed: 39207 chunks (67.50%), ETA: 0:07:17, Rate: 43.1 cps, Current: -75, 26
[23:52:50 INFO]: [Chunky] Task running for world. Processed: 39241 chunks (67.56%), ETA: 0:07:19, Rate: 42.9 cps, Current: -72, 29
[23:52:51 INFO]: [Chunky] Task running for world. Processed: 39347 chunks (67.75%), ETA: 0:07:01, Rate: 44.5 cps, Current: -71, 17
[23:52:52 INFO]: [Chunky] Task running for world. Processed: 39402 chunks (67.84%), ETA: 0:06:59, Rate: 44.5 cps, Current: -71, 15
[23:52:53 INFO]: [Chunky] Task running for world. Processed: 39474 chunks (67.96%), ETA: 0:06:48, Rate: 45.6 cps, Current: -80, 8
[23:52:54 INFO]: [Chunky] Task running for world. Processed: 39553 chunks (68.10%), ETA: 0:06:36, Rate: 46.7 cps, Current: -72, 0
[23:52:56 INFO]: [Chunky] Task running for world. Processed: 39617 chunks (68.21%), ETA: 0:06:39, Rate: 46.2 cps, Current: -94, 32
[23:52:57 INFO]: [Chunky] Task running for world. Processed: 39661 chunks (68.29%), ETA: 0:06:43, Rate: 45.7 cps, Current: -96, 34
[23:52:58 INFO]: [Chunky] Task running for world. Processed: 39699 chunks (68.35%), ETA: 0:06:42, Rate: 45.7 cps, Current: -85, 34
[23:52:59 INFO]: [Chunky] Task running for world. Processed: 39729 chunks (68.40%), ETA: 0:06:45, Rate: 45.2 cps, Current: -87, 39
[23:53:00 INFO]: [Chunky] Task running for world. Processed: 39759 chunks (68.45%), ETA: 0:06:53, Rate: 44.3 cps, Current: -85, 42
[23:53:01 INFO]: [Chunky] Task running for world. Processed: 39789 chunks (68.51%), ETA: 0:07:04, Rate: 43.1 cps, Current: -81, 43
[23:53:02 INFO]: [Chunky] Task running for world. Processed: 39820 chunks (68.56%), ETA: 0:07:07, Rate: 42.7 cps, Current: -84, 47
[23:53:03 INFO]: [Chunky] Task running for world. Processed: 39848 chunks (68.61%), ETA: 0:07:12, Rate: 42.1 cps, Current: -93, 44
[23:53:04 INFO]: [Chunky] Task running for world. Processed: 39879 chunks (68.66%), ETA: 0:07:16, Rate: 41.7 cps, Current: -96, 44
[23:53:05 INFO]: [Chunky] Task running for world. Processed: 39905 chunks (68.71%), ETA: 0:07:29, Rate: 40.5 cps, Current: -92, 52
[23:53:06 INFO]: [Chunky] Task running for world. Processed: 39926 chunks (68.74%), ETA: 0:07:36, Rate: 39.8 cps, Current: -95, 54
[23:53:07 INFO]: [Chunky] Task running for world. Processed: 39947 chunks (68.78%), ETA: 0:07:38, Rate: 39.6 cps, Current: -93, 59
[23:53:08 INFO]: [Chunky] Task running for world. Processed: 39993 chunks (68.86%), ETA: 0:07:40, Rate: 39.3 cps, Current: -92, 63
[23:53:09 INFO]: [Chunky] Task running for world. Processed: 40032 chunks (68.92%), ETA: 0:07:36, Rate: 39.6 cps, Current: -87, 63
[23:53:10 INFO]: [Chunky] Task running for world. Processed: 40094 chunks (69.03%), ETA: 0:07:21, Rate: 40.8 cps, Current: -81, 57
[23:53:11 INFO]: [Chunky] Task running for world. Processed: 40132 chunks (69.10%), ETA: 0:07:20, Rate: 40.8 cps, Current: -80, 51
[23:53:12 INFO]: [Chunky] Task running for world. Processed: 40180 chunks (69.18%), ETA: 0:07:16, Rate: 41.0 cps, Current: -76, 48
[23:53:13 INFO]: [Chunky] Task running for world. Processed: 40239 chunks (69.28%), ETA: 0:07:03, Rate: 42.1 cps, Current: -74, 57
[23:53:14 INFO]: [Chunky] Task running for world. Processed: 40315 chunks (69.41%), ETA: 0:06:57, Rate: 42.6 cps, Current: -66, 63
[23:53:15 INFO]: [Chunky] Task running for world. Processed: 40394 chunks (69.55%), ETA: 0:06:44, Rate: 43.8 cps, Current: -65, 40
[23:53:17 INFO]: [Chunky] Task running for world. Processed: 40456 chunks (69.65%), ETA: 0:06:30, Rate: 45.1 cps, Current: -72, 45
[23:53:18 INFO]: [Chunky] Task running for world. Processed: 40540 chunks (69.80%), ETA: 0:06:18, Rate: 46.4 cps, Current: -78, 32
[23:53:19 INFO]: [Chunky] Task running for world. Processed: 40641 chunks (69.97%), ETA: 0:06:06, Rate: 47.6 cps, Current: -94, 64
[23:53:20 INFO]: [Chunky] Task running for world. Processed: 40686 chunks (70.05%), ETA: 0:06:20, Rate: 45.8 cps, Current: -89, 64
[23:53:21 INFO]: [Chunky] Task running for world. Processed: 40749 chunks (70.16%), ETA: 0:06:16, Rate: 46.1 cps, Current: -82, 67
[23:53:22 INFO]: [Chunky] Task running for world. Processed: 40797 chunks (70.24%), ETA: 0:06:22, Rate: 45.2 cps, Current: -81, 72
[23:53:23 INFO]: [Chunky] Task running for world. Processed: 40845 chunks (70.32%), ETA: 0:06:29, Rate: 44.2 cps, Current: -85, 79
[23:53:24 INFO]: [Chunky] Task running for world. Processed: 40892 chunks (70.41%), ETA: 0:06:25, Rate: 44.6 cps, Current: -96, 74
[23:53:25 INFO]: [Chunky] Task running for world. Processed: 40933 chunks (70.48%), ETA: 0:06:26, Rate: 44.4 cps, Current: -92, 85
[23:53:26 INFO]: [Chunky] Task running for world. Processed: 40961 chunks (70.52%), ETA: 0:06:29, Rate: 43.9 cps, Current: -94, 89
[23:53:27 INFO]: [Chunky] Task running for world. Processed: 41003 chunks (70.60%), ETA: 0:06:27, Rate: 44.1 cps, Current: -95, 95
[23:53:28 INFO]: [Chunky] Task running for world. Processed: 41047 chunks (70.67%), ETA: 0:06:22, Rate: 44.5 cps, Current: -84, 93
[23:53:29 INFO]: [Chunky] Task running for world. Processed: 41101 chunks (70.76%), ETA: 0:06:14, Rate: 45.3 cps, Current: -88, 82
[23:53:30 INFO]: [Chunky] Task running for world. Processed: 41156 chunks (70.86%), ETA: 0:06:06, Rate: 46.2 cps, Current: -80, 83
[23:53:31 INFO]: [Chunky] Task running for world. Processed: 41216 chunks (70.96%), ETA: 0:05:56, Rate: 47.3 cps, Current: -80, 93
[23:53:32 INFO]: [Chunky] Task running for world. Processed: 41266 chunks (71.05%), ETA: 0:05:50, Rate: 48.0 cps, Current: -73, 89
[23:53:33 INFO]: [Chunky] Task running for world. Processed: 41356 chunks (71.20%), ETA: 0:05:35, Rate: 49.9 cps, Current: -72, 86
[23:53:34 INFO]: [Chunky] Task running for world. Processed: 41428 chunks (71.33%), ETA: 0:05:22, Rate: 51.7 cps, Current: -67, 75
[23:53:36 INFO]: [Chunky] Task running for world. Processed: 41522 chunks (71.49%), ETA: 0:05:05, Rate: 54.2 cps, Current: -80, 72
[23:53:37 INFO]: [Chunky] Task running for world. Processed: 41620 chunks (71.66%), ETA: 0:04:49, Rate: 56.8 cps, Current: -71, 70
[23:53:38 INFO]: [Chunky] Task running for world. Processed: 41665 chunks (71.74%), ETA: 0:04:49, Rate: 56.8 cps, Current: -96, 96
[23:53:39 INFO]: [Chunky] Task running for world. Processed: 41670 chunks (71.74%), ETA: 0:04:55, Rate: 55.6 cps, Current: -94, 97
[23:53:40 INFO]: [Chunky] Task running for world. Processed: 41744 chunks (71.87%), ETA: 0:04:52, Rate: 55.8 cps, Current: -93, 100
[23:53:41 INFO]: [Chunky] Task running for world. Processed: 41821 chunks (72.00%), ETA: 0:04:44, Rate: 57.2 cps, Current: -91, 120
[23:53:42 INFO]: [Chunky] Task running for world. Processed: 41878 chunks (72.10%), ETA: 0:04:42, Rate: 57.4 cps, Current: -88, 105
[23:53:43 INFO]: [Chunky] Task running for world. Processed: 41950 chunks (72.23%), ETA: 0:04:38, Rate: 58.0 cps, Current: -85, 106
[23:53:44 INFO]: [Chunky] Task running for world. Processed: 42005 chunks (72.32%), ETA: 0:04:40, Rate: 57.3 cps, Current: -82, 97
[23:53:45 INFO]: [Chunky] Task running for world. Processed: 42071 chunks (72.44%), ETA: 0:04:41, Rate: 56.8 cps, Current: -81, 116
[23:53:46 INFO]: [Chunky] Task running for world. Processed: 42133 chunks (72.54%), ETA: 0:04:40, Rate: 56.9 cps, Current: -77, 99
[23:53:47 INFO]: [Chunky] Task running for world. Processed: 42193 chunks (72.65%), ETA: 0:04:43, Rate: 56.0 cps, Current: -75, 104
[23:53:48 INFO]: [Chunky] Task running for world. Processed: 42260 chunks (72.76%), ETA: 0:04:43, Rate: 55.8 cps, Current: -72, 99
[23:53:49 INFO]: [Chunky] Task running for world. Processed: 42318 chunks (72.86%), ETA: 0:04:39, Rate: 56.3 cps, Current: -71, 116
[23:53:50 INFO]: [Chunky] Task running for world. Processed: 42378 chunks (72.96%), ETA: 0:04:39, Rate: 56.2 cps, Current: -67, 98
[23:53:51 INFO]: [Chunky] Task running for world. Processed: 42436 chunks (73.06%), ETA: 0:04:36, Rate: 56.6 cps, Current: -66, 112
[23:53:52 INFO]: [Chunky] Task running for world. Processed: 42493 chunks (73.16%), ETA: 0:04:35, Rate: 56.6 cps, Current: -63, 103
[23:53:53 INFO]: [Chunky] Task running for world. Processed: 42540 chunks (73.24%), ETA: 0:04:34, Rate: 56.6 cps, Current: -62, 114
[23:53:54 INFO]: [Chunky] Task running for world. Processed: 42592 chunks (73.33%), ETA: 0:04:30, Rate: 57.3 cps, Current: -60, 114
[23:53:55 INFO]: [Chunky] Task running for world. Processed: 42640 chunks (73.41%), ETA: 0:04:31, Rate: 57.0 cps, Current: -57, 103
[23:53:56 INFO]: [Chunky] Task running for world. Processed: 42689 chunks (73.50%), ETA: 0:04:26, Rate: 57.7 cps, Current: -55, 102
[23:53:57 INFO]: [Chunky] Task running for world. Processed: 42748 chunks (73.60%), ETA: 0:04:23, Rate: 58.2 cps, Current: -52, 96
[23:53:58 INFO]: [Chunky] Task running for world. Processed: 42808 chunks (73.70%), ETA: 0:04:19, Rate: 58.8 cps, Current: -51, 111
[23:53:59 INFO]: [Chunky] Task running for world. Processed: 42861 chunks (73.80%), ETA: 0:04:18, Rate: 58.8 cps, Current: -49, 112
[23:54:00 INFO]: [Chunky] Task running for world. Processed: 42917 chunks (73.89%), ETA: 0:04:17, Rate: 58.9 cps, Current: -46, 103
[23:54:01 INFO]: [Chunky] Task running for world. Processed: 42976 chunks (73.99%), ETA: 0:04:16, Rate: 58.9 cps, Current: -45, 120
[23:54:02 INFO]: [Chunky] Task running for world. Processed: 43031 chunks (74.09%), ETA: 0:04:14, Rate: 59.0 cps, Current: -42, 109
[23:54:03 INFO]: [Chunky] Task running for world. Processed: 43091 chunks (74.19%), ETA: 0:04:17, Rate: 58.2 cps, Current: -40, 114
[23:54:04 INFO]: [Chunky] Task running for world. Processed: 43155 chunks (74.30%), ETA: 0:04:18, Rate: 57.8 cps, Current: -36, 98
[23:54:05 INFO]: [Chunky] Task running for world. Processed: 43214 chunks (74.40%), ETA: 0:04:22, Rate: 56.6 cps, Current: -35, 113
[23:54:06 INFO]: [Chunky] Task running for world. Processed: 43271 chunks (74.50%), ETA: 0:04:28, Rate: 55.2 cps, Current: -33, 117
[23:54:07 INFO]: [Chunky] Task running for world. Processed: 43326 chunks (74.60%), ETA: 0:04:24, Rate: 55.8 cps, Current: -29, 96
[23:54:08 INFO]: [Chunky] Task running for world. Processed: 43381 chunks (74.69%), ETA: 0:04:14, Rate: 57.7 cps, Current: -28, 110
[23:54:10 INFO]: [Chunky] Task running for world. Processed: 43435 chunks (74.78%), ETA: 0:04:16, Rate: 57.1 cps, Current: -26, 112
[23:54:11 INFO]: [Chunky] Task running for world. Processed: 43488 chunks (74.87%), ETA: 0:04:19, Rate: 56.3 cps, Current: -24, 113
[23:54:12 INFO]: [Chunky] Task running for world. Processed: 43542 chunks (74.97%), ETA: 0:04:18, Rate: 56.3 cps, Current: -22, 115
[23:54:13 INFO]: [Chunky] Task running for world. Processed: 43597 chunks (75.06%), ETA: 0:04:19, Rate: 55.7 cps, Current: -20, 118
[23:54:14 INFO]: [Chunky] Task running for world. Processed: 43645 chunks (75.15%), ETA: 0:04:20, Rate: 55.5 cps, Current: -18, 117
[23:54:15 INFO]: [Chunky] Task running for world. Processed: 43694 chunks (75.23%), ETA: 0:04:21, Rate: 54.9 cps, Current: -15, 105
[23:54:16 INFO]: [Chunky] Task running for world. Processed: 43748 chunks (75.32%), ETA: 0:04:21, Rate: 54.7 cps, Current: -13, 107
[23:54:17 INFO]: [Chunky] Task running for world. Processed: 43806 chunks (75.42%), ETA: 0:04:21, Rate: 54.6 cps, Current: -10, 98
[23:54:18 INFO]: [Chunky] Task running for world. Processed: 43859 chunks (75.51%), ETA: 0:04:22, Rate: 54.2 cps, Current: -9, 111
[23:54:19 INFO]: [Chunky] Task running for world. Processed: 43913 chunks (75.61%), ETA: 0:04:22, Rate: 54.0 cps, Current: -6, 102
[23:54:20 INFO]: [Chunky] Task running for world. Processed: 43966 chunks (75.70%), ETA: 0:04:22, Rate: 53.8 cps, Current: -4, 103
[23:54:21 INFO]: [Chunky] Task running for world. Processed: 44017 chunks (75.79%), ETA: 0:04:22, Rate: 53.6 cps, Current: -3, 114
[23:54:22 INFO]: [Chunky] Task running for world. Processed: 44071 chunks (75.88%), ETA: 0:04:22, Rate: 53.4 cps, Current: 0, 106
[23:54:23 INFO]: [Chunky] Task running for world. Processed: 44120 chunks (75.96%), ETA: 0:04:20, Rate: 53.5 cps, Current: 1, 118
[23:54:24 INFO]: [Chunky] Task running for world. Processed: 44170 chunks (76.05%), ETA: 0:04:20, Rate: 53.5 cps, Current: 3, 117
[23:54:25 INFO]: [Chunky] Task running for world. Processed: 44226 chunks (76.15%), ETA: 0:04:17, Rate: 53.7 cps, Current: 5, 120
[23:54:26 INFO]: [Chunky] Task running for world. Processed: 44281 chunks (76.24%), ETA: 0:04:16, Rate: 53.9 cps, Current: 8, 109
[23:54:27 INFO]: [Chunky] Task running for world. Processed: 44333 chunks (76.33%), ETA: 0:04:16, Rate: 53.6 cps, Current: 11, 99
[23:54:28 INFO]: [Chunky] Task running for world. Processed: 44381 chunks (76.41%), ETA: 0:04:17, Rate: 53.2 cps, Current: 12, 109
[23:54:29 INFO]: [Chunky] Task running for world. Processed: 44418 chunks (76.48%), ETA: 0:04:19, Rate: 52.6 cps, Current: 14, 104
[23:54:30 INFO]: [Chunky] Task running for world. Processed: 44462 chunks (76.55%), ETA: 0:04:21, Rate: 52.1 cps, Current: 15, 111
[23:54:31 INFO]: [Chunky] Task running for world. Processed: 44515 chunks (76.64%), ETA: 0:04:21, Rate: 51.9 cps, Current: 17, 113
[23:54:32 INFO]: [Chunky] Task running for world. Processed: 44568 chunks (76.73%), ETA: 0:04:20, Rate: 51.8 cps, Current: 19, 114
[23:54:33 INFO]: [Chunky] Task running for world. Processed: 44617 chunks (76.82%), ETA: 0:04:21, Rate: 51.4 cps, Current: 21, 115
[23:54:34 INFO]: [Chunky] Task running for world. Processed: 44668 chunks (76.91%), ETA: 0:04:22, Rate: 51.1 cps, Current: 24, 104
[23:54:35 INFO]: [Chunky] Task running for world. Processed: 44719 chunks (76.99%), ETA: 0:04:22, Rate: 50.9 cps, Current: 26, 105
[23:54:36 INFO]: [Chunky] Task running for world. Processed: 44767 chunks (77.08%), ETA: 0:04:23, Rate: 50.5 cps, Current: 27, 115
[23:54:37 INFO]: [Chunky] Task running for world. Processed: 44816 chunks (77.16%), ETA: 0:04:23, Rate: 50.3 cps, Current: 29, 114
[23:54:38 INFO]: [Chunky] Task running for world. Processed: 44863 chunks (77.24%), ETA: 0:04:23, Rate: 50.1 cps, Current: 32, 102
[23:54:39 INFO]: [Chunky] Task running for world. Processed: 44917 chunks (77.34%), ETA: 0:04:23, Rate: 50.0 cps, Current: 34, 104
[23:54:40 INFO]: [Chunky] Task running for world. Processed: 44973 chunks (77.43%), ETA: 0:04:21, Rate: 50.1 cps, Current: 36, 106
[23:54:41 INFO]: [Chunky] Task running for world. Processed: 45018 chunks (77.51%), ETA: 0:04:22, Rate: 49.8 cps, Current: 37, 115
[23:54:42 INFO]: [Chunky] Task running for world. Processed: 45063 chunks (77.59%), ETA: 0:04:23, Rate: 49.5 cps, Current: 40, 103
[23:54:43 INFO]: [Chunky] Task running for world. Processed: 45110 chunks (77.67%), ETA: 0:04:22, Rate: 49.4 cps, Current: 42, 101
[23:54:44 INFO]: [Chunky] Task running for world. Processed: 45164 chunks (77.76%), ETA: 0:04:20, Rate: 49.6 cps, Current: 44, 103
[23:54:45 INFO]: [Chunky] Task running for world. Processed: 45213 chunks (77.84%), ETA: 0:04:20, Rate: 49.4 cps, Current: 45, 112
[23:54:46 INFO]: [Chunky] Task running for world. Processed: 45266 chunks (77.94%), ETA: 0:04:19, Rate: 49.3 cps, Current: 47, 114
[23:54:47 INFO]: [Chunky] Task running for world. Processed: 45321 chunks (78.03%), ETA: 0:04:18, Rate: 49.4 cps, Current: 49, 117
[23:54:48 INFO]: [Chunky] Task running for world. Processed: 45377 chunks (78.13%), ETA: 0:04:17, Rate: 49.4 cps, Current: 51, 120
[23:54:49 INFO]: [Chunky] Task running for world. Processed: 45432 chunks (78.22%), ETA: 0:04:15, Rate: 49.4 cps, Current: 55, 99
[23:54:50 INFO]: [Chunky] Task running for world. Processed: 45483 chunks (78.31%), ETA: 0:04:14, Rate: 49.5 cps, Current: 57, 100
[23:54:51 INFO]: [Chunky] Task running for world. Processed: 45533 chunks (78.40%), ETA: 0:04:14, Rate: 49.4 cps, Current: 59, 99
[23:54:52 INFO]: [Chunky] Task running for world. Processed: 45591 chunks (78.50%), ETA: 0:04:11, Rate: 49.7 cps, Current: 61, 104
[23:54:53 INFO]: [Chunky] Task running for world. Processed: 45648 chunks (78.59%), ETA: 0:04:09, Rate: 49.9 cps, Current: 62, 118
[23:54:54 INFO]: [Chunky] Task running for world. Processed: 45701 chunks (78.68%), ETA: 0:04:08, Rate: 49.8 cps, Current: 64, 120
[23:54:55 INFO]: [Chunky] Task running for world. Processed: 45757 chunks (78.78%), ETA: 0:04:06, Rate: 49.9 cps, Current: 67, 110
[23:54:56 INFO]: [Chunky] Task running for world. Processed: 45812 chunks (78.88%), ETA: 0:04:05, Rate: 50.0 cps, Current: 70, 101
[23:54:57 INFO]: [Chunky] Task running for world. Processed: 45863 chunks (78.96%), ETA: 0:04:03, Rate: 50.1 cps, Current: 71, 112
[23:54:58 INFO]: [Chunky] Task running for world. Processed: 45912 chunks (79.05%), ETA: 0:04:00, Rate: 50.6 cps, Current: 73, 112
[23:54:59 INFO]: [Chunky] Task running for world. Processed: 45966 chunks (79.14%), ETA: 0:03:57, Rate: 51.0 cps, Current: 75, 114
[23:55:00 INFO]: [Chunky] Task running for world. Processed: 46018 chunks (79.23%), ETA: 0:03:56, Rate: 51.0 cps, Current: 77, 115
[23:55:01 INFO]: [Chunky] Task running for world. Processed: 46075 chunks (79.33%), ETA: 0:03:54, Rate: 51.2 cps, Current: 81, 96
[23:55:02 INFO]: [Chunky] Task running for world. Processed: 46129 chunks (79.42%), ETA: 0:03:52, Rate: 51.3 cps, Current: 83, 97
[23:55:04 INFO]: [Chunky] Task running for world. Processed: 46183 chunks (79.51%), ETA: 0:03:51, Rate: 51.4 cps, Current: 85, 99
[23:55:05 INFO]: [Chunky] Task running for world. Processed: 46238 chunks (79.61%), ETA: 0:03:49, Rate: 51.5 cps, Current: 87, 102
[23:55:06 INFO]: [Chunky] Task running for world. Processed: 46293 chunks (79.70%), ETA: 0:03:47, Rate: 51.7 cps, Current: 89, 103
[23:55:07 INFO]: [Chunky] Task running for world. Processed: 46350 chunks (79.80%), ETA: 0:03:45, Rate: 52.1 cps, Current: 91, 106
[23:55:08 INFO]: [Chunky] Task running for world. Processed: 46407 chunks (79.90%), ETA: 0:03:42, Rate: 52.4 cps, Current: 94, 99
[23:55:09 INFO]: [Chunky] Task running for world. Processed: 46467 chunks (80.00%), ETA: 0:03:40, Rate: 52.6 cps, Current: 96, 103
[23:55:10 INFO]: [Chunky] Task running for world. Processed: 46527 chunks (80.11%), ETA: 0:03:39, Rate: 52.7 cps, Current: 97, 120
[23:55:11 INFO]: [Chunky] Task running for world. Processed: 46584 chunks (80.21%), ETA: 0:03:36, Rate: 53.2 cps, Current: 101, 100
[23:55:12 INFO]: [Chunky] Task running for world. Processed: 46640 chunks (80.30%), ETA: 0:03:33, Rate: 53.5 cps, Current: 102, 114
[23:55:13 INFO]: [Chunky] Task running for world. Processed: 46698 chunks (80.40%), ETA: 0:03:31, Rate: 53.9 cps, Current: 104, 119
[23:55:14 INFO]: [Chunky] Task running for world. Processed: 46755 chunks (80.50%), ETA: 0:03:29, Rate: 54.0 cps, Current: 107, 109
[23:55:15 INFO]: [Chunky] Task running for world. Processed: 46809 chunks (80.59%), ETA: 0:03:28, Rate: 54.2 cps, Current: 109, 111
[23:55:16 INFO]: [Chunky] Task running for world. Processed: 46857 chunks (80.68%), ETA: 0:03:28, Rate: 53.9 cps, Current: 111, 109
[23:55:17 INFO]: [Chunky] Task running for world. Processed: 46905 chunks (80.76%), ETA: 0:03:28, Rate: 53.6 cps, Current: 114, 98
[23:55:18 INFO]: [Chunky] Task running for world. Processed: 46958 chunks (80.85%), ETA: 0:03:27, Rate: 53.6 cps, Current: 115, 110
[23:55:19 INFO]: [Chunky] Task running for world. Processed: 47016 chunks (80.95%), ETA: 0:03:25, Rate: 53.7 cps, Current: 117, 113
[23:55:20 INFO]: [Chunky] Task running for world. Processed: 47071 chunks (81.04%), ETA: 0:03:24, Rate: 53.9 cps, Current: 120, 105
[23:55:21 INFO]: [Chunky] Task running for world. Processed: 47088 chunks (81.07%), ETA: 0:03:29, Rate: 52.6 cps, Current: 120, 119
[23:55:22 INFO]: [Chunky] Task running for world. Processed: 47091 chunks (81.08%), ETA: 0:03:36, Rate: 50.7 cps, Current: 96, -98
[23:55:23 INFO]: [Chunky] Task running for world. Processed: 47138 chunks (81.16%), ETA: 0:03:38, Rate: 50.1 cps, Current: 98, -118
[23:55:24 INFO]: [Chunky] Task running for world. Processed: 47188 chunks (81.25%), ETA: 0:03:38, Rate: 49.9 cps, Current: 100, -119
[23:55:25 INFO]: [Chunky] Task running for world. Processed: 47251 chunks (81.35%), ETA: 0:03:36, Rate: 50.1 cps, Current: 102, -107
[23:55:26 INFO]: [Chunky] Task running for world. Processed: 47318 chunks (81.47%), ETA: 0:03:33, Rate: 50.3 cps, Current: 105, -114
[23:55:27 INFO]: [Chunky] Task running for world. Processed: 47378 chunks (81.57%), ETA: 0:03:31, Rate: 50.6 cps, Current: 108, -106
[23:55:29 INFO]: [Chunky] Task running for world. Processed: 47450 chunks (81.70%), ETA: 0:03:28, Rate: 51.1 cps, Current: 111, -97
[23:55:30 INFO]: [Chunky] Task running for world. Processed: 47522 chunks (81.82%), ETA: 0:03:25, Rate: 51.4 cps, Current: 114, -97
[23:55:31 INFO]: [Chunky] Task running for world. Processed: 47586 chunks (81.93%), ETA: 0:03:23, Rate: 51.7 cps, Current: 116, -114
[23:55:32 INFO]: [Chunky] Task running for world. Processed: 47660 chunks (82.06%), ETA: 0:03:19, Rate: 52.4 cps, Current: 119, -114
[23:55:34 INFO]: [Chunky] Task running for world. Processed: 47690 chunks (82.11%), ETA: 0:03:28, Rate: 49.8 cps, Current: 64, -97
[23:55:35 INFO]: [Chunky] Task running for world. Processed: 47693 chunks (82.11%), ETA: 0:03:36, Rate: 48.0 cps, Current: 65, -98
[23:55:36 INFO]: [Chunky] Task running for world. Processed: 47757 chunks (82.22%), ETA: 0:03:35, Rate: 48.0 cps, Current: 66, -105
[23:55:37 INFO]: [Chunky] Task running for world. Processed: 47810 chunks (82.32%), ETA: 0:03:34, Rate: 47.9 cps, Current: 69, -113
[23:55:38 INFO]: [Chunky] Task running for world. Processed: 47873 chunks (82.42%), ETA: 0:03:33, Rate: 47.8 cps, Current: 72, -97
[23:55:39 INFO]: [Chunky] Task running for world. Processed: 47946 chunks (82.55%), ETA: 0:03:30, Rate: 48.1 cps, Current: 73, -120
[23:55:40 INFO]: [Chunky] Task running for world. Processed: 48001 chunks (82.64%), ETA: 0:03:30, Rate: 47.8 cps, Current: 76, -120
[23:55:41 INFO]: [Chunky] Task running for world. Processed: 48065 chunks (82.76%), ETA: 0:03:29, Rate: 47.9 cps, Current: 79, -111
[23:55:43 INFO]: [Chunky] Task running for world. Processed: 48122 chunks (82.85%), ETA: 0:03:28, Rate: 47.7 cps, Current: 82, -97
[23:55:44 INFO]: [Chunky] Task running for world. Processed: 48193 chunks (82.98%), ETA: 0:03:26, Rate: 48.0 cps, Current: 84, -120
[23:55:45 INFO]: [Chunky] Task running for world. Processed: 48259 chunks (83.09%), ETA: 0:03:23, Rate: 48.3 cps, Current: 87, -108
[23:55:46 INFO]: [Chunky] Task running for world. Processed: 48332 chunks (83.21%), ETA: 0:03:18, Rate: 49.0 cps, Current: 90, -111
[23:55:48 INFO]: [Chunky] Task running for world. Processed: 48458 chunks (83.43%), ETA: 0:03:11, Rate: 50.2 cps, Current: 32, -97
[23:55:49 INFO]: [Chunky] Task running for world. Processed: 48462 chunks (83.44%), ETA: 0:03:20, Rate: 47.9 cps, Current: 33, -119
[23:55:50 INFO]: [Chunky] Task running for world. Processed: 48540 chunks (83.57%), ETA: 0:03:10, Rate: 50.2 cps, Current: 35, -111
[23:55:51 INFO]: [Chunky] Task running for world. Processed: 48612 chunks (83.70%), ETA: 0:03:06, Rate: 50.8 cps, Current: 38, -114
[23:55:52 INFO]: [Chunky] Task running for world. Processed: 48674 chunks (83.80%), ETA: 0:02:57, Rate: 52.9 cps, Current: 41, -97
[23:55:53 INFO]: [Chunky] Task running for world. Processed: 48740 chunks (83.92%), ETA: 0:02:53, Rate: 53.7 cps, Current: 43, -110
[23:55:54 INFO]: [Chunky] Task running for world. Processed: 48794 chunks (84.01%), ETA: 0:02:52, Rate: 53.7 cps, Current: 46, -97
[23:55:55 INFO]: [Chunky] Task running for world. Processed: 48854 chunks (84.11%), ETA: 0:02:51, Rate: 53.6 cps, Current: 48, -103
[23:55:56 INFO]: [Chunky] Task running for world. Processed: 48913 chunks (84.22%), ETA: 0:02:51, Rate: 53.5 cps, Current: 50, -120
[23:55:57 INFO]: [Chunky] Task running for world. Processed: 48964 chunks (84.30%), ETA: 0:02:51, Rate: 53.2 cps, Current: 53, -99
[23:55:58 INFO]: [Chunky] Task running for world. Processed: 49030 chunks (84.42%), ETA: 0:02:50, Rate: 53.2 cps, Current: 55, -108
[23:55:59 INFO]: [Chunky] Task running for world. Processed: 49085 chunks (84.51%), ETA: 0:02:50, Rate: 52.8 cps, Current: 58, -100
[23:56:01 INFO]: [Chunky] Task running for world. Processed: 49226 chunks (84.75%), ETA: 0:02:46, Rate: 53.3 cps, Current: 0, -97
[23:56:02 INFO]: [Chunky] Task running for world. Processed: 49232 chunks (84.76%), ETA: 0:02:43, Rate: 54.0 cps, Current: 1, -117
[23:56:03 INFO]: [Chunky] Task running for world. Processed: 49308 chunks (84.90%), ETA: 0:02:40, Rate: 54.6 cps, Current: 3, -111
[23:56:04 INFO]: [Chunky] Task running for world. Processed: 49388 chunks (85.03%), ETA: 0:02:32, Rate: 57.1 cps, Current: 6, -106
[23:56:05 INFO]: [Chunky] Task running for world. Processed: 49458 chunks (85.15%), ETA: 0:02:30, Rate: 57.4 cps, Current: 9, -112
[23:56:07 INFO]: [Chunky] Task running for world. Processed: 49514 chunks (85.25%), ETA: 0:02:28, Rate: 57.6 cps, Current: 12, -97
[23:56:08 INFO]: [Chunky] Task running for world. Processed: 49582 chunks (85.37%), ETA: 0:02:26, Rate: 57.9 cps, Current: 14, -105
[23:56:09 INFO]: [Chunky] Task running for world. Processed: 49657 chunks (85.50%), ETA: 0:02:25, Rate: 57.9 cps, Current: 17, -106
[23:56:10 INFO]: [Chunky] Task running for world. Processed: 49701 chunks (85.57%), ETA: 0:02:25, Rate: 57.8 cps, Current: 19, -107
[23:56:11 INFO]: [Chunky] Task running for world. Processed: 49754 chunks (85.66%), ETA: 0:02:24, Rate: 57.5 cps, Current: 22, -97
[23:56:12 INFO]: [Chunky] Task running for world. Processed: 49826 chunks (85.79%), ETA: 0:02:24, Rate: 57.3 cps, Current: 25, -97
[23:56:15 INFO]: [Chunky] Task running for world. Processed: 49994 chunks (86.08%), ETA: 0:02:18, Rate: 58.4 cps, Current: -32, -97
[23:56:16 INFO]: [Chunky] Task running for world. Processed: 49998 chunks (86.08%), ETA: 0:02:23, Rate: 56.2 cps, Current: -31, -119
[23:56:17 INFO]: [Chunky] Task running for world. Processed: 50066 chunks (86.20%), ETA: 0:02:24, Rate: 55.5 cps, Current: -29, -120
[23:56:18 INFO]: [Chunky] Task running for world. Processed: 50138 chunks (86.32%), ETA: 0:02:16, Rate: 58.1 cps, Current: -26, -97
[23:56:19 INFO]: [Chunky] Task running for world. Processed: 50210 chunks (86.45%), ETA: 0:02:14, Rate: 58.4 cps, Current: -23, -97
[23:56:20 INFO]: [Chunky] Task running for world. Processed: 50276 chunks (86.56%), ETA: 0:02:15, Rate: 57.5 cps, Current: -21, -110
[23:56:21 INFO]: [Chunky] Task running for world. Processed: 50320 chunks (86.64%), ETA: 0:02:16, Rate: 57.0 cps, Current: -19, -116
[23:56:22 INFO]: [Chunky] Task running for world. Processed: 50386 chunks (86.75%), ETA: 0:02:15, Rate: 56.7 cps, Current: -16, -114
[23:56:23 INFO]: [Chunky] Task running for world. Processed: 50468 chunks (86.89%), ETA: 0:02:11, Rate: 57.8 cps, Current: -13, -104
[23:56:24 INFO]: [Chunky] Task running for world. Processed: 50538 chunks (87.01%), ETA: 0:02:09, Rate: 58.2 cps, Current: -10, -112
[23:56:25 INFO]: [Chunky] Task running for world. Processed: 50594 chunks (87.11%), ETA: 0:02:08, Rate: 58.0 cps, Current: -7, -97
[23:56:26 INFO]: [Chunky] Task running for world. Processed: 50750 chunks (87.38%), ETA: 0:01:58, Rate: 61.7 cps, Current: -1, -108
[23:56:28 INFO]: [Chunky] Task running for world. Processed: 50762 chunks (87.40%), ETA: 0:02:05, Rate: 58.5 cps, Current: -64, -97
[23:56:29 INFO]: [Chunky] Task running for world. Processed: 50766 chunks (87.41%), ETA: 0:02:09, Rate: 56.5 cps, Current: -63, -119
[23:56:30 INFO]: [Chunky] Task running for world. Processed: 50831 chunks (87.52%), ETA: 0:02:10, Rate: 55.4 cps, Current: -62, -99
[23:56:31 INFO]: [Chunky] Task running for world. Processed: 50882 chunks (87.61%), ETA: 0:02:05, Rate: 57.2 cps, Current: -59, -97
[23:56:32 INFO]: [Chunky] Task running for world. Processed: 50939 chunks (87.70%), ETA: 0:02:05, Rate: 57.0 cps, Current: -57, -116
[23:56:33 INFO]: [Chunky] Task running for world. Processed: 50991 chunks (87.79%), ETA: 0:02:08, Rate: 55.3 cps, Current: -55, -114
[23:56:34 INFO]: [Chunky] Task running for world. Processed: 51050 chunks (87.89%), ETA: 0:02:07, Rate: 55.0 cps, Current: -52, -97
[23:56:36 INFO]: [Chunky] Task running for world. Processed: 51121 chunks (88.02%), ETA: 0:02:05, Rate: 55.6 cps, Current: -50, -120
[23:56:37 INFO]: [Chunky] Task running for world. Processed: 51190 chunks (88.14%), ETA: 0:02:04, Rate: 55.4 cps, Current: -47, -109
[23:56:38 INFO]: [Chunky] Task running for world. Processed: 51265 chunks (88.26%), ETA: 0:02:01, Rate: 56.1 cps, Current: -44, -120
[23:56:39 INFO]: [Chunky] Task running for world. Processed: 51327 chunks (88.37%), ETA: 0:01:59, Rate: 56.3 cps, Current: -41, -103
[23:56:40 INFO]: [Chunky] Task running for world. Processed: 51382 chunks (88.47%), ETA: 0:01:59, Rate: 56.1 cps, Current: -39, -111
[23:56:42 INFO]: [Chunky] Task running for world. Processed: 51530 chunks (88.72%), ETA: 0:01:53, Rate: 57.5 cps, Current: -96, -97
[23:56:43 INFO]: [Chunky] Task running for world. Processed: 51534 chunks (88.73%), ETA: 0:01:57, Rate: 55.6 cps, Current: -95, -119
[23:56:44 INFO]: [Chunky] Task running for world. Processed: 51613 chunks (88.86%), ETA: 0:01:56, Rate: 55.4 cps, Current: -93, -110
[23:56:45 INFO]: [Chunky] Task running for world. Processed: 51689 chunks (88.99%), ETA: 0:01:50, Rate: 58.1 cps, Current: -90, -101
[23:56:46 INFO]: [Chunky] Task running for world. Processed: 51747 chunks (89.09%), ETA: 0:01:49, Rate: 57.8 cps, Current: -87, -98
[23:56:47 INFO]: [Chunky] Task running for world. Processed: 51817 chunks (89.22%), ETA: 0:01:48, Rate: 57.8 cps, Current: -85, -120
[23:56:48 INFO]: [Chunky] Task running for world. Processed: 51890 chunks (89.34%), ETA: 0:01:47, Rate: 57.7 cps, Current: -81, -119
[23:56:49 INFO]: [Chunky] Task running for world. Processed: 51962 chunks (89.46%), ETA: 0:01:45, Rate: 57.9 cps, Current: -78, -118
[23:56:50 INFO]: [Chunky] Task running for world. Processed: 52034 chunks (89.59%), ETA: 0:01:42, Rate: 58.8 cps, Current: -75, -97
[23:56:51 INFO]: [Chunky] Task running for world. Processed: 52100 chunks (89.70%), ETA: 0:01:41, Rate: 59.0 cps, Current: -73, -109
[23:56:52 INFO]: [Chunky] Task running for world. Processed: 52155 chunks (89.80%), ETA: 0:01:41, Rate: 58.1 cps, Current: -70, -119
[23:56:56 INFO]: [Chunky] Task running for world. Processed: 52298 chunks (90.04%), ETA: 0:01:49, Rate: 52.7 cps, Current: -119, -119
[23:56:57 INFO]: [Chunky] Task running for world. Processed: 52397 chunks (90.21%), ETA: 0:01:40, Rate: 56.8 cps, Current: -117, -97
[23:56:58 INFO]: [Chunky] Task running for world. Processed: 52448 chunks (90.30%), ETA: 0:01:39, Rate: 56.5 cps, Current: -114, -114
[23:56:59 INFO]: [Chunky] Task running for world. Processed: 52523 chunks (90.43%), ETA: 0:01:34, Rate: 58.9 cps, Current: -111, -111
[23:57:00 INFO]: [Chunky] Task running for world. Processed: 52596 chunks (90.56%), ETA: 0:01:32, Rate: 59.1 cps, Current: -108, -110
[23:57:01 INFO]: [Chunky] Task running for world. Processed: 52648 chunks (90.65%), ETA: 0:01:32, Rate: 59.0 cps, Current: -106, -106
[23:57:02 INFO]: [Chunky] Task running for world. Processed: 52714 chunks (90.76%), ETA: 0:01:30, Rate: 59.3 cps, Current: -103, -112
[23:57:03 INFO]: [Chunky] Task running for world. Processed: 52855 chunks (91.00%), ETA: 0:01:23, Rate: 62.6 cps, Current: -99, -101
[23:57:05 INFO]: [Chunky] Task running for world. Processed: 52874 chunks (91.03%), ETA: 0:01:26, Rate: 60.3 cps, Current: -120, -96
[23:57:06 INFO]: [Chunky] Task running for world. Processed: 52878 chunks (91.04%), ETA: 0:01:31, Rate: 57.0 cps, Current: -120, -94
[23:57:07 INFO]: [Chunky] Task running for world. Processed: 52958 chunks (91.18%), ETA: 0:01:29, Rate: 57.2 cps, Current: -118, -77
[23:57:08 INFO]: [Chunky] Task running for world. Processed: 53017 chunks (91.28%), ETA: 0:01:28, Rate: 57.1 cps, Current: -116, -81
[23:57:09 INFO]: [Chunky] Task running for world. Processed: 53070 chunks (91.37%), ETA: 0:01:27, Rate: 57.2 cps, Current: -114, -92
[23:57:10 INFO]: [Chunky] Task running for world. Processed: 53133 chunks (91.48%), ETA: 0:01:28, Rate: 55.9 cps, Current: -113, -67
[23:57:11 INFO]: [Chunky] Task running for world. Processed: 53200 chunks (91.60%), ETA: 0:01:26, Rate: 56.2 cps, Current: -111, -66
[23:57:12 INFO]: [Chunky] Task running for world. Processed: 53265 chunks (91.71%), ETA: 0:01:22, Rate: 58.2 cps, Current: -108, -87
[23:57:13 INFO]: [Chunky] Task running for world. Processed: 53332 chunks (91.82%), ETA: 0:01:21, Rate: 57.9 cps, Current: -106, -86
[23:57:14 INFO]: [Chunky] Task running for world. Processed: 53395 chunks (91.93%), ETA: 0:01:21, Rate: 57.5 cps, Current: -105, -65
[23:57:16 INFO]: [Chunky] Task running for world. Processed: 53463 chunks (92.05%), ETA: 0:01:20, Rate: 57.7 cps, Current: -102, -83
[23:57:17 INFO]: [Chunky] Task running for world. Processed: 53637 chunks (92.35%), ETA: 0:01:12, Rate: 61.2 cps, Current: -97, -69
[23:57:18 INFO]: [Chunky] Task running for world. Processed: 53642 chunks (92.36%), ETA: 0:01:15, Rate: 58.5 cps, Current: -120, -64
[23:57:19 INFO]: [Chunky] Task running for world. Processed: 53644 chunks (92.36%), ETA: 0:01:19, Rate: 55.5 cps, Current: -119, -63
[23:57:20 INFO]: [Chunky] Task running for world. Processed: 53648 chunks (92.37%), ETA: 0:01:23, Rate: 53.3 cps, Current: -120, -41
[23:57:21 INFO]: [Chunky] Task running for world. Processed: 53725 chunks (92.50%), ETA: 0:01:20, Rate: 54.1 cps, Current: -117, -64
[23:57:22 INFO]: [Chunky] Task running for world. Processed: 53791 chunks (92.61%), ETA: 0:01:16, Rate: 56.1 cps, Current: -115, -64
[23:57:23 INFO]: [Chunky] Task running for world. Processed: 53856 chunks (92.73%), ETA: 0:01:14, Rate: 56.4 cps, Current: -114, -42
[23:57:24 INFO]: [Chunky] Task running for world. Processed: 53922 chunks (92.84%), ETA: 0:01:13, Rate: 56.6 cps, Current: -112, -40
[23:57:25 INFO]: [Chunky] Task running for world. Processed: 53980 chunks (92.94%), ETA: 0:01:12, Rate: 56.7 cps, Current: -110, -46
[23:57:26 INFO]: [Chunky] Task running for world. Processed: 54034 chunks (93.03%), ETA: 0:01:13, Rate: 55.2 cps, Current: -109, -34
[23:57:27 INFO]: [Chunky] Task running for world. Processed: 54096 chunks (93.14%), ETA: 0:01:11, Rate: 55.7 cps, Current: -107, -34
[23:57:28 INFO]: [Chunky] Task running for world. Processed: 54151 chunks (93.23%), ETA: 0:01:10, Rate: 55.4 cps, Current: -105, -36
[23:57:29 INFO]: [Chunky] Task running for world. Processed: 54200 chunks (93.32%), ETA: 0:01:11, Rate: 54.5 cps, Current: -103, -50
[23:57:30 INFO]: [Chunky] Task running for world. Processed: 54268 chunks (93.44%), ETA: 0:01:09, Rate: 55.1 cps, Current: -101, -48
[23:57:32 INFO]: [Chunky] Task running for world. Processed: 54410 chunks (93.68%), ETA: 0:01:07, Rate: 54.7 cps, Current: -120, -32
[23:57:33 INFO]: [Chunky] Task running for world. Processed: 54412 chunks (93.68%), ETA: 0:01:08, Rate: 53.5 cps, Current: -120, -31
[23:57:34 INFO]: [Chunky] Task running for world. Processed: 54416 chunks (93.69%), ETA: 0:01:10, Rate: 51.9 cps, Current: -120, -29
[23:57:35 INFO]: [Chunky] Task running for world. Processed: 54494 chunks (93.82%), ETA: 0:01:04, Rate: 55.4 cps, Current: -118, -13
[23:57:36 INFO]: [Chunky] Task running for world. Processed: 54561 chunks (93.94%), ETA: 0:01:03, Rate: 55.0 cps, Current: -115, -30
[23:57:38 INFO]: [Chunky] Task running for world. Processed: 54625 chunks (94.05%), ETA: 0:01:02, Rate: 55.0 cps, Current: -113, -32
[23:57:39 INFO]: [Chunky] Task running for world. Processed: 54681 chunks (94.15%), ETA: 0:01:01, Rate: 55.2 cps, Current: -112, -17
[23:57:40 INFO]: [Chunky] Task running for world. Processed: 54732 chunks (94.23%), ETA: 0:01:01, Rate: 54.7 cps, Current: -111, -6
[23:57:41 INFO]: [Chunky] Task running for world. Processed: 54793 chunks (94.34%), ETA: 0:01:00, Rate: 54.5 cps, Current: -108, -29
[23:57:42 INFO]: [Chunky] Task running for world. Processed: 54834 chunks (94.41%), ETA: 0:01:00, Rate: 53.7 cps, Current: -108, -3
[23:57:43 INFO]: [Chunky] Task running for world. Processed: 54892 chunks (94.51%), ETA: 0:00:59, Rate: 53.4 cps, Current: -105, -28
[23:57:44 INFO]: [Chunky] Task running for world. Processed: 54933 chunks (94.58%), ETA: 0:00:59, Rate: 52.6 cps, Current: -104, -21
[23:57:45 INFO]: [Chunky] Task running for world. Processed: 54976 chunks (94.65%), ETA: 0:00:59, Rate: 51.9 cps, Current: -103, -13
[23:57:46 INFO]: [Chunky] Task running for world. Processed: 55040 chunks (94.76%), ETA: 0:01:03, Rate: 48.2 cps, Current: -100, -27
[23:57:48 INFO]: [Chunky] Task running for world. Processed: 55178 chunks (95.00%), ETA: 0:00:56, Rate: 51.8 cps, Current: -120, 0
[23:57:49 INFO]: [Chunky] Task running for world. Processed: 55180 chunks (95.01%), ETA: 0:00:55, Rate: 52.0 cps, Current: -120, 1
[23:57:50 INFO]: [Chunky] Task running for world. Processed: 55182 chunks (95.01%), ETA: 0:00:56, Rate: 51.6 cps, Current: -120, 2
[23:57:51 INFO]: [Chunky] Task running for world. Processed: 55233 chunks (95.10%), ETA: 0:00:56, Rate: 50.7 cps, Current: -119, 23
[23:57:52 INFO]: [Chunky] Task running for world. Processed: 55291 chunks (95.20%), ETA: 0:00:55, Rate: 50.3 cps, Current: -117, 17
[23:57:53 INFO]: [Chunky] Task running for world. Processed: 55332 chunks (95.27%), ETA: 0:00:55, Rate: 49.5 cps, Current: -116, 23
[23:57:54 INFO]: [Chunky] Task running for world. Processed: 55393 chunks (95.37%), ETA: 0:00:54, Rate: 49.4 cps, Current: -114, 23
[23:57:55 INFO]: [Chunky] Task running for world. Processed: 55441 chunks (95.45%), ETA: 0:00:53, Rate: 49.2 cps, Current: -112, 7
[23:57:56 INFO]: [Chunky] Task running for world. Processed: 55500 chunks (95.56%), ETA: 0:00:52, Rate: 49.2 cps, Current: -110, 7
[23:57:57 INFO]: [Chunky] Task running for world. Processed: 55539 chunks (95.62%), ETA: 0:00:52, Rate: 48.4 cps, Current: -109, 9
[23:57:58 INFO]: [Chunky] Task running for world. Processed: 55596 chunks (95.72%), ETA: 0:00:51, Rate: 48.6 cps, Current: -107, 4
[23:57:59 INFO]: [Chunky] Task running for world. Processed: 55638 chunks (95.79%), ETA: 0:00:50, Rate: 48.1 cps, Current: -106, 12
[23:58:00 INFO]: [Chunky] Task running for world. Processed: 55699 chunks (95.90%), ETA: 0:00:49, Rate: 47.8 cps, Current: -104, 9
[23:58:02 INFO]: [Chunky] Task running for world. Processed: 55737 chunks (95.96%), ETA: 0:00:51, Rate: 45.6 cps, Current: -103, 15
[23:58:03 INFO]: [Chunky] Task running for world. Processed: 55805 chunks (96.08%), ETA: 0:00:47, Rate: 47.6 cps, Current: -100, 2
[23:58:05 INFO]: [Chunky] Task running for world. Processed: 55946 chunks (96.32%), ETA: 0:00:43, Rate: 49.3 cps, Current: -120, 32
[23:58:06 INFO]: [Chunky] Task running for world. Processed: 55948 chunks (96.33%), ETA: 0:00:45, Rate: 47.1 cps, Current: -120, 33
[23:58:07 INFO]: [Chunky] Task running for world. Processed: 55952 chunks (96.33%), ETA: 0:00:47, Rate: 45.1 cps, Current: -120, 35
[23:58:08 INFO]: [Chunky] Task running for world. Processed: 56028 chunks (96.47%), ETA: 0:00:44, Rate: 45.7 cps, Current: -118, 50
[23:58:09 INFO]: [Chunky] Task running for world. Processed: 56085 chunks (96.56%), ETA: 0:00:43, Rate: 45.9 cps, Current: -116, 43
[23:58:10 INFO]: [Chunky] Task running for world. Processed: 56136 chunks (96.65%), ETA: 0:00:42, Rate: 45.6 cps, Current: -115, 58
[23:58:11 INFO]: [Chunky] Task running for world. Processed: 56198 chunks (96.76%), ETA: 0:00:40, Rate: 46.4 cps, Current: -113, 57
[23:58:12 INFO]: [Chunky] Task running for world. Processed: 56248 chunks (96.84%), ETA: 0:00:39, Rate: 46.1 cps, Current: -111, 46
[23:58:13 INFO]: [Chunky] Task running for world. Processed: 56303 chunks (96.94%), ETA: 0:00:38, Rate: 46.6 cps, Current: -109, 40
[23:58:14 INFO]: [Chunky] Task running for world. Processed: 56347 chunks (97.01%), ETA: 0:00:37, Rate: 46.6 cps, Current: -108, 49
[23:58:15 INFO]: [Chunky] Task running for world. Processed: 56404 chunks (97.11%), ETA: 0:00:36, Rate: 46.3 cps, Current: -106, 42
[23:58:16 INFO]: [Chunky] Task running for world. Processed: 56441 chunks (97.18%), ETA: 0:00:37, Rate: 44.2 cps, Current: -105, 47
[23:58:17 INFO]: [Chunky] Task running for world. Processed: 56497 chunks (97.27%), ETA: 0:00:35, Rate: 44.6 cps, Current: -103, 39
[23:58:18 INFO]: [Chunky] Task running for world. Processed: 56541 chunks (97.35%), ETA: 0:00:33, Rate: 46.0 cps, Current: -102, 50
[23:58:19 INFO]: [Chunky] Task running for world. Processed: 56709 chunks (97.64%), ETA: 0:00:26, Rate: 52.1 cps, Current: -97, 59
[23:58:21 INFO]: [Chunky] Task running for world. Processed: 56714 chunks (97.65%), ETA: 0:00:27, Rate: 49.8 cps, Current: -120, 64
[23:58:23 INFO]: [Chunky] Task running for world. Processed: 56718 chunks (97.65%), ETA: 0:00:28, Rate: 47.1 cps, Current: -119, 66
[23:58:24 INFO]: [Chunky] Task running for world. Processed: 56798 chunks (97.79%), ETA: 0:00:26, Rate: 47.8 cps, Current: -118, 83
[23:58:25 INFO]: [Chunky] Task running for world. Processed: 56863 chunks (97.90%), ETA: 0:00:25, Rate: 48.3 cps, Current: -115, 64
[23:58:26 INFO]: [Chunky] Task running for world. Processed: 56928 chunks (98.01%), ETA: 0:00:23, Rate: 48.5 cps, Current: -114, 86
[23:58:27 INFO]: [Chunky] Task running for world. Processed: 56972 chunks (98.09%), ETA: 0:00:22, Rate: 48.7 cps, Current: -113, 92
[23:58:28 INFO]: [Chunky] Task running for world. Processed: 57037 chunks (98.20%), ETA: 0:00:21, Rate: 48.7 cps, Current: -111, 91
[23:58:29 INFO]: [Chunky] Task running for world. Processed: 57096 chunks (98.30%), ETA: 0:00:19, Rate: 49.5 cps, Current: -108, 66
[23:58:30 INFO]: [Chunky] Task running for world. Processed: 57139 chunks (98.38%), ETA: 0:00:19, Rate: 48.9 cps, Current: -108, 94
[23:58:31 INFO]: [Chunky] Task running for world. Processed: 57196 chunks (98.48%), ETA: 0:00:17, Rate: 49.7 cps, Current: -105, 67
[23:58:32 INFO]: [Chunky] Task running for world. Processed: 57240 chunks (98.55%), ETA: 0:00:17, Rate: 48.6 cps, Current: -104, 78
[23:58:33 INFO]: [Chunky] Task running for world. Processed: 57305 chunks (98.66%), ETA: 0:00:16, Rate: 48.1 cps, Current: -102, 79
[23:58:34 INFO]: [Chunky] Task running for world. Processed: 57477 chunks (98.96%), ETA: 0:00:11, Rate: 52.3 cps, Current: -97, 91
[23:58:36 INFO]: [Chunky] Task running for world. Processed: 57482 chunks (98.97%), ETA: 0:00:11, Rate: 52.2 cps, Current: -120, 96
[23:58:37 INFO]: [Chunky] Task running for world. Processed: 57486 chunks (98.98%), ETA: 0:00:11, Rate: 49.7 cps, Current: -118, 96
[23:58:39 INFO]: [Chunky] Task running for world. Processed: 57536 chunks (99.06%), ETA: 0:00:11, Rate: 49.1 cps, Current: -118, 100
[23:58:40 INFO]: [Chunky] Task running for world. Processed: 57591 chunks (99.16%), ETA: 0:00:09, Rate: 49.3 cps, Current: -116, 103
[23:58:41 INFO]: [Chunky] Task running for world. Processed: 57659 chunks (99.27%), ETA: 0:00:08, Rate: 49.5 cps, Current: -113, 102
[23:58:42 INFO]: [Chunky] Task running for world. Processed: 57718 chunks (99.38%), ETA: 0:00:07, Rate: 49.7 cps, Current: -110, 96
[23:58:43 INFO]: [Chunky] Task running for world. Processed: 57771 chunks (99.47%), ETA: 0:00:06, Rate: 49.6 cps, Current: -108, 97
[23:58:44 INFO]: [Chunky] Task running for world. Processed: 57822 chunks (99.55%), ETA: 0:00:05, Rate: 49.9 cps, Current: -106, 97
[23:58:45 INFO]: [Chunky] Task running for world. Processed: 57874 chunks (99.64%), ETA: 0:00:04, Rate: 49.7 cps, Current: -105, 110
[23:58:46 INFO]: [Chunky] Task running for world. Processed: 57926 chunks (99.73%), ETA: 0:00:03, Rate: 50.2 cps, Current: -102, 101
[23:58:47 INFO]: [Chunky] Task finished for world. Processed: 58081 chunks (100.00%), Total time: 0:19:07
