[23:17:21 INFO]: [Chunky] Loading server plugin Chunky v1.5.3
[23:17:27 INFO]: [Chunky] Enabling Chunky v1.5.3
[23:17:48 INFO]: [Chunky] Task running for world. Processed: 2 chunks (0.00%), ETA: 10:34:01, Rate: 1.5 cps, Current: 1, 1
[23:17:49 INFO]: [Chunky] Task running for world. Processed: 34 chunks (0.06%), ETA: 1:19:16, Rate: 12.2 cps, Current: 3, 2
[23:17:50 INFO]: [Chunky] Task running for world. Processed: 74 chunks (0.13%), ETA: 0:49:32, Rate: 19.5 cps, Current: 9, 0
[23:17:51 INFO]: [Chunky] Task running for world. Processed: 108 chunks (0.19%), ETA: 0:42:56, Rate: 22.5 cps, Current: 14, 3
[23:17:52 INFO]: [Chunky] Task running for world. Processed: 146 chunks (0.25%), ETA: 0:38:40, Rate: 25.0 cps, Current: 13, 10
[23:17:53 INFO]: [Chunky] Task running for world. Processed: 186 chunks (0.32%), ETA: 0:36:08, Rate: 26.7 cps, Current: 15, 13
[23:17:55 INFO]: [Chunky] Task running for world. Processed: 240 chunks (0.41%), ETA: 0:32:12, Rate: 29.9 cps, Current: 0, 9
[23:17:56 INFO]: [Chunky] Task running for world. Processed: 273 chunks (0.47%), ETA: 0:32:09, Rate: 30.0 cps, Current: 7, 17
[23:17:57 INFO]: [Chunky] Task running for world. Processed: 306 chunks (0.53%), ETA: 0:31:54, Rate: 30.2 cps, Current: 7, 20
[23:17:58 INFO]: [Chunky] Task running for world. Processed: 326 chunks (0.56%), ETA: 0:32:56, Rate: 29.2 cps, Current: 3, 24
[23:17:59 INFO]: [Chunky] Task running for world. Processed: 363 chunks (0.62%), ETA: 0:32:15, Rate: 29.8 cps, Current: 4, 30
[23:18:00 INFO]: [Chunky] Task running for world. Processed: 402 chunks (0.69%), ETA: 0:31:37, Rate: 30.4 cps, Current: 10, 24
[23:18:01 INFO]: [Chunky] Task running for world. Processed: 435 chunks (0.75%), ETA: 0:31:31, Rate: 30.5 cps, Current: 13, 23
[23:18:02 INFO]: [Chunky] Task running for world. Processed: 513 chunks (0.88%), ETA: 0:29:06, Rate: 33.0 cps, Current: 16, 17
[23:18:03 INFO]: [Chunky] Task running for world. Processed: 550 chunks (0.95%), ETA: 0:28:52, Rate: 33.2 cps, Current: 22, 19
[23:18:04 INFO]: [Chunky] Task running for world. Processed: 595 chunks (1.02%), ETA: 0:28:18, Rate: 33.8 cps, Current: 18, 27
[23:18:05 INFO]: [Chunky] Task running for world. Processed: 636 chunks (1.10%), ETA: 0:28:00, Rate: 34.2 cps, Current: 25, 24
[23:18:06 INFO]: [Chunky] Task running for world. Processed: 673 chunks (1.16%), ETA: 0:27:54, Rate: 34.3 cps, Current: 28, 27
[23:18:07 INFO]: [Chunky] Task running for world. Processed: 725 chunks (1.25%), ETA: 0:27:13, Rate: 35.1 cps, Current: 25, 20
[23:18:08 INFO]: [Chunky] Task running for world. Processed: 762 chunks (1.31%), ETA: 0:27:12, Rate: 35.1 cps, Current: 31, 19
[23:18:09 INFO]: [Chunky] Task running for world. Processed: 789 chunks (1.36%), ETA: 0:27:32, Rate: 34.7 cps, Current: 30, 9
[23:18:10 INFO]: [Chunky] Task running for world. Processed: 835 chunks (1.44%), ETA: 0:27:22, Rate: 34.9 cps, Current: 24, 13
[23:18:11 INFO]: [Chunky] Task running for world. Processed: 884 chunks (1.52%), ETA: 0:26:55, Rate: 35.4 cps, Current: 22, 9
[23:18:13 INFO]: [Chunky] Task running for world. Processed: 939 chunks (1.62%), ETA: 0:26:22, Rate: 36.1 cps, Current: 21, 3
[23:18:14 INFO]: [Chunky] Task running for world. Processed: 996 chunks (1.71%), ETA: 0:25:49, Rate: 36.8 cps, Current: 29, 5
[23:18:15 INFO]: [Chunky] Task running for world. Processed: 1038 chunks (1.79%), ETA: 0:25:40, Rate: 37.0 cps, Current: 29, 0
[23:18:16 INFO]: [Chunky] Task running for world. Processed: 1062 chunks (1.83%), ETA: 0:26:00, Rate: 36.5 cps, Current: 36, 2
[23:18:17 INFO]: [Chunky] Task running for world. Processed: 1086 chunks (1.87%), ETA: 0:25:11, Rate: 37.7 cps, Current: 37, 0
[23:18:18 INFO]: [Chunky] Task running for world. Processed: 1124 chunks (1.94%), ETA: 0:25:12, Rate: 37.7 cps, Current: 43, 0
[23:18:19 INFO]: [Chunky] Task running for world. Processed: 1168 chunks (2.01%), ETA: 0:24:31, Rate: 38.7 cps, Current: 45, 9
[23:18:20 INFO]: [Chunky] Task running for world. Processed: 1198 chunks (2.06%), ETA: 0:24:44, Rate: 38.3 cps, Current: 40, 13
[23:18:21 INFO]: [Chunky] Task running for world. Processed: 1266 chunks (2.18%), ETA: 0:23:59, Rate: 39.5 cps, Current: 33, 13
[23:18:22 INFO]: [Chunky] Task running for world. Processed: 1320 chunks (2.27%), ETA: 0:23:36, Rate: 40.1 cps, Current: 39, 17
[23:18:23 INFO]: [Chunky] Task running for world. Processed: 1364 chunks (2.35%), ETA: 0:23:26, Rate: 40.3 cps, Current: 34, 28
[23:18:24 INFO]: [Chunky] Task running for world. Processed: 1406 chunks (2.42%), ETA: 0:23:37, Rate: 40.0 cps, Current: 39, 29
[23:18:25 INFO]: [Chunky] Task running for world. Processed: 1450 chunks (2.50%), ETA: 0:23:23, Rate: 40.4 cps, Current: 45, 26
[23:18:26 INFO]: [Chunky] Task running for world. Processed: 1537 chunks (2.65%), ETA: 0:22:25, Rate: 42.0 cps, Current: 48, 16
[23:18:27 INFO]: [Chunky] Task running for world. Processed: 1566 chunks (2.70%), ETA: 0:22:16, Rate: 42.3 cps, Current: 51, 17
[23:18:28 INFO]: [Chunky] Task running for world. Processed: 1616 chunks (2.78%), ETA: 0:22:01, Rate: 42.7 cps, Current: 50, 25
[23:18:29 INFO]: [Chunky] Task running for world. Processed: 1658 chunks (2.85%), ETA: 0:21:56, Rate: 42.9 cps, Current: 57, 25
[23:18:30 INFO]: [Chunky] Task running for world. Processed: 1695 chunks (2.92%), ETA: 0:21:50, Rate: 43.0 cps, Current: 61, 29
[23:18:31 INFO]: [Chunky] Task running for world. Processed: 1749 chunks (3.01%), ETA: 0:22:02, Rate: 42.6 cps, Current: 57, 20
[23:18:32 INFO]: [Chunky] Task running for world. Processed: 1788 chunks (3.08%), ETA: 0:22:05, Rate: 42.5 cps, Current: 61, 15
[23:18:33 INFO]: [Chunky] Task running for world. Processed: 1824 chunks (3.14%), ETA: 0:22:16, Rate: 42.1 cps, Current: 58, 15
[23:18:34 INFO]: [Chunky] Task running for world. Processed: 1882 chunks (3.24%), ETA: 0:21:57, Rate: 42.6 cps, Current: 55, 12
[23:18:35 INFO]: [Chunky] Task running for world. Processed: 1953 chunks (3.36%), ETA: 0:21:20, Rate: 43.8 cps, Current: 49, 2
[23:18:36 INFO]: [Chunky] Task running for world. Processed: 1998 chunks (3.44%), ETA: 0:21:20, Rate: 43.8 cps, Current: 53, 0
[23:18:37 INFO]: [Chunky] Task running for world. Processed: 2036 chunks (3.51%), ETA: 0:21:26, Rate: 43.6 cps, Current: 62, 3
[23:18:38 INFO]: [Chunky] Task running for world. Processed: 2055 chunks (3.54%), ETA: 0:21:32, Rate: 43.3 cps, Current: 63, 1
[23:18:39 INFO]: [Chunky] Task running for world. Processed: 2081 chunks (3.58%), ETA: 0:21:43, Rate: 43.0 cps, Current: 32, -25
[23:18:41 INFO]: [Chunky] Task running for world. Processed: 2113 chunks (3.64%), ETA: 0:22:01, Rate: 42.3 cps, Current: 41, -30
[23:18:42 INFO]: [Chunky] Task running for world. Processed: 2168 chunks (3.73%), ETA: 0:21:59, Rate: 42.4 cps, Current: 41, -25
[23:18:43 INFO]: [Chunky] Task running for world. Processed: 2197 chunks (3.78%), ETA: 0:22:30, Rate: 41.4 cps, Current: 46, -23
[23:18:44 INFO]: [Chunky] Task running for world. Processed: 2229 chunks (3.84%), ETA: 0:22:42, Rate: 41.0 cps, Current: 39, -20
[23:18:45 INFO]: [Chunky] Task running for world. Processed: 2289 chunks (3.94%), ETA: 0:21:59, Rate: 42.3 cps, Current: 34, -20
[23:18:46 INFO]: [Chunky] Task running for world. Processed: 2322 chunks (4.00%), ETA: 0:21:48, Rate: 42.6 cps, Current: 38, -14
[23:18:47 INFO]: [Chunky] Task running for world. Processed: 2352 chunks (4.05%), ETA: 0:21:55, Rate: 42.4 cps, Current: 32, -12
[23:18:48 INFO]: [Chunky] Task running for world. Processed: 2401 chunks (4.13%), ETA: 0:21:49, Rate: 42.5 cps, Current: 36, -1
[23:18:49 INFO]: [Chunky] Task running for world. Processed: 2468 chunks (4.25%), ETA: 0:21:09, Rate: 43.8 cps, Current: 43, -4
[23:18:50 INFO]: [Chunky] Task running for world. Processed: 2554 chunks (4.40%), ETA: 0:20:55, Rate: 44.2 cps, Current: 47, -10
[23:18:51 INFO]: [Chunky] Task running for world. Processed: 2581 chunks (4.44%), ETA: 0:21:20, Rate: 43.3 cps, Current: 51, -11
[23:18:52 INFO]: [Chunky] Task running for world. Processed: 2623 chunks (4.52%), ETA: 0:21:21, Rate: 43.3 cps, Current: 55, -15
[23:18:53 INFO]: [Chunky] Task running for world. Processed: 2703 chunks (4.65%), ETA: 0:20:44, Rate: 44.5 cps, Current: 57, -7
[23:18:54 INFO]: [Chunky] Task running for world. Processed: 2757 chunks (4.75%), ETA: 0:20:30, Rate: 45.0 cps, Current: 62, -6
[23:18:55 INFO]: [Chunky] Task running for world. Processed: 2804 chunks (4.83%), ETA: 0:21:02, Rate: 43.8 cps, Current: 61, -14
[23:18:56 INFO]: [Chunky] Task running for world. Processed: 2830 chunks (4.87%), ETA: 0:21:19, Rate: 43.2 cps, Current: 61, -22
[23:18:57 INFO]: [Chunky] Task running for world. Processed: 2883 chunks (4.96%), ETA: 0:21:02, Rate: 43.7 cps, Current: 56, -19
[23:18:58 INFO]: [Chunky] Task running for world. Processed: 2961 chunks (5.10%), ETA: 0:20:24, Rate: 45.0 cps, Current: 54, -26
[23:18:59 INFO]: [Chunky] Task running for world. Processed: 3019 chunks (5.20%), ETA: 0:20:12, Rate: 45.4 cps, Current: 56, -31
[23:19:00 INFO]: [Chunky] Task running for world. Processed: 3059 chunks (5.27%), ETA: 0:20:10, Rate: 45.5 cps, Current: 61, -30
[23:19:01 INFO]: [Chunky] Task running for world. Processed: 3070 chunks (5.29%), ETA: 0:20:48, Rate: 44.0 cps, Current: 2, -30
[23:19:02 INFO]: [Chunky] Task running for world. Processed: 3087 chunks (5.31%), ETA: 0:21:06, Rate: 43.4 cps, Current: 0, -32
[23:19:03 INFO]: [Chunky] Task running for world. Processed: 3124 chunks (5.38%), ETA: 0:21:02, Rate: 43.5 cps, Current: 5, -31
[23:19:04 INFO]: [Chunky] Task running for world. Processed: 3158 chunks (5.44%), ETA: 0:21:25, Rate: 42.7 cps, Current: 13, -29
[23:19:05 INFO]: [Chunky] Task running for world. Processed: 3193 chunks (5.50%), ETA: 0:22:01, Rate: 41.5 cps, Current: 9, -24
[23:19:06 INFO]: [Chunky] Task running for world. Processed: 3230 chunks (5.56%), ETA: 0:22:12, Rate: 41.2 cps, Current: 12, -20
[23:19:07 INFO]: [Chunky] Task running for world. Processed: 3285 chunks (5.66%), ETA: 0:21:51, Rate: 41.8 cps, Current: 4, -23
[23:19:08 INFO]: [Chunky] Task running for world. Processed: 3325 chunks (5.72%), ETA: 0:21:29, Rate: 42.5 cps, Current: 7, -16
[23:19:09 INFO]: [Chunky] Task running for world. Processed: 3362 chunks (5.79%), ETA: 0:21:18, Rate: 42.8 cps, Current: 5, -11
[23:19:10 INFO]: [Chunky] Task running for world. Processed: 3398 chunks (5.85%), ETA: 0:21:13, Rate: 42.9 cps, Current: 1, -5
[23:19:11 INFO]: [Chunky] Task running for world. Processed: 3477 chunks (5.99%), ETA: 0:20:47, Rate: 43.8 cps, Current: 10, -3
[23:19:12 INFO]: [Chunky] Task running for world. Processed: 3542 chunks (6.10%), ETA: 0:20:11, Rate: 45.0 cps, Current: 12, -11
[23:19:14 INFO]: [Chunky] Task running for world. Processed: 3587 chunks (6.18%), ETA: 0:20:16, Rate: 44.8 cps, Current: 16, -14
[23:19:15 INFO]: [Chunky] Task running for world. Processed: 3627 chunks (6.24%), ETA: 0:20:09, Rate: 45.0 cps, Current: 19, -10
[23:19:16 INFO]: [Chunky] Task running for world. Processed: 3708 chunks (6.38%), ETA: 0:19:24, Rate: 46.7 cps, Current: 23, -2
[23:19:17 INFO]: [Chunky] Task running for world. Processed: 3811 chunks (6.56%), ETA: 0:18:37, Rate: 48.6 cps, Current: 24, -16
[23:19:18 INFO]: [Chunky] Task running for world. Processed: 3882 chunks (6.68%), ETA: 0:18:41, Rate: 48.3 cps, Current: 25, -17
[23:19:19 INFO]: [Chunky] Task running for world. Processed: 3965 chunks (6.83%), ETA: 0:18:37, Rate: 48.4 cps, Current: 18, -24
[23:19:20 INFO]: [Chunky] Task running for world. Processed: 4020 chunks (6.92%), ETA: 0:18:16, Rate: 49.3 cps, Current: 22, -30
[23:19:23 INFO]: [Chunky] Task running for world. Processed: 4097 chunks (7.05%), ETA: 0:19:34, Rate: 46.0 cps, Current: -30, -27
[23:19:24 INFO]: [Chunky] Task running for world. Processed: 4118 chunks (7.09%), ETA: 0:19:59, Rate: 45.0 cps, Current: -26, -26
[23:19:25 INFO]: [Chunky] Task running for world. Processed: 4157 chunks (7.16%), ETA: 0:19:47, Rate: 45.4 cps, Current: -24, -30
[23:19:26 INFO]: [Chunky] Task running for world. Processed: 4196 chunks (7.22%), ETA: 0:19:57, Rate: 45.0 cps, Current: -18, -29
[23:19:27 INFO]: [Chunky] Task running for world. Processed: 4242 chunks (7.30%), ETA: 0:20:31, Rate: 43.7 cps, Current: -17, -24
[23:19:28 INFO]: [Chunky] Task running for world. Processed: 4281 chunks (7.37%), ETA: 0:20:48, Rate: 43.1 cps, Current: -22, -18
[23:19:29 INFO]: [Chunky] Task running for world. Processed: 4331 chunks (7.46%), ETA: 0:20:38, Rate: 43.4 cps, Current: -31, -23
[23:19:30 INFO]: [Chunky] Task running for world. Processed: 4363 chunks (7.51%), ETA: 0:20:15, Rate: 44.2 cps, Current: -32, -20
[23:19:31 INFO]: [Chunky] Task running for world. Processed: 4394 chunks (7.57%), ETA: 0:20:02, Rate: 44.7 cps, Current: -30, -11
[23:19:32 INFO]: [Chunky] Task running for world. Processed: 4416 chunks (7.60%), ETA: 0:20:16, Rate: 44.1 cps, Current: -30, -8
[23:19:33 INFO]: [Chunky] Task running for world. Processed: 4447 chunks (7.66%), ETA: 0:20:16, Rate: 44.1 cps, Current: -27, -5
[23:19:35 INFO]: [Chunky] Task running for world. Processed: 4492 chunks (7.73%), ETA: 0:20:08, Rate: 44.4 cps, Current: -23, -5
[23:19:36 INFO]: [Chunky] Task running for world. Processed: 4522 chunks (7.79%), ETA: 0:20:13, Rate: 44.1 cps, Current: -22, -1
[23:19:37 INFO]: [Chunky] Task running for world. Processed: 4600 chunks (7.92%), ETA: 0:19:42, Rate: 45.2 cps, Current: -18, -16
[23:19:38 INFO]: [Chunky] Task running for world. Processed: 4624 chunks (7.96%), ETA: 0:20:01, Rate: 44.5 cps, Current: -13, -12
[23:19:39 INFO]: [Chunky] Task running for world. Processed: 4685 chunks (8.07%), ETA: 0:19:39, Rate: 45.3 cps, Current: -15, -5
[23:19:40 INFO]: [Chunky] Task running for world. Processed: 4727 chunks (8.14%), ETA: 0:19:31, Rate: 45.5 cps, Current: -10, -4
[23:19:41 INFO]: [Chunky] Task running for world. Processed: 4797 chunks (8.26%), ETA: 0:19:39, Rate: 45.2 cps, Current: -6, -1
[23:19:42 INFO]: [Chunky] Task running for world. Processed: 4871 chunks (8.39%), ETA: 0:19:22, Rate: 45.8 cps, Current: -2, -18
[23:19:43 INFO]: [Chunky] Task running for world. Processed: 4936 chunks (8.50%), ETA: 0:19:14, Rate: 46.0 cps, Current: -8, -19
[23:19:44 INFO]: [Chunky] Task running for world. Processed: 5016 chunks (8.64%), ETA: 0:18:39, Rate: 47.4 cps, Current: -9, -26
[23:19:45 INFO]: [Chunky] Task running for world. Processed: 5081 chunks (8.75%), ETA: 0:18:49, Rate: 46.9 cps, Current: -12, -32
[23:19:46 INFO]: [Chunky] Task running for world. Processed: 5121 chunks (8.82%), ETA: 0:19:49, Rate: 44.5 cps, Current: -30, 0
[23:19:47 INFO]: [Chunky] Task running for world. Processed: 5147 chunks (8.86%), ETA: 0:20:23, Rate: 43.3 cps, Current: -31, 3
[23:19:48 INFO]: [Chunky] Task running for world. Processed: 5172 chunks (8.90%), ETA: 0:21:21, Rate: 41.3 cps, Current: -25, 1
[23:19:49 INFO]: [Chunky] Task running for world. Processed: 5218 chunks (8.98%), ETA: 0:21:29, Rate: 41.0 cps, Current: -24, 5
[23:19:50 INFO]: [Chunky] Task running for world. Processed: 5263 chunks (9.06%), ETA: 0:20:35, Rate: 42.7 cps, Current: -21, 10
[23:19:51 INFO]: [Chunky] Task running for world. Processed: 5298 chunks (9.12%), ETA: 0:20:43, Rate: 42.5 cps, Current: -21, 14
[23:19:52 INFO]: [Chunky] Task running for world. Processed: 5350 chunks (9.21%), ETA: 0:20:32, Rate: 42.8 cps, Current: -28, 14
[23:19:53 INFO]: [Chunky] Task running for world. Processed: 5388 chunks (9.28%), ETA: 0:20:12, Rate: 43.5 cps, Current: -26, 17
[23:19:54 INFO]: [Chunky] Task running for world. Processed: 5423 chunks (9.34%), ETA: 0:20:15, Rate: 43.3 cps, Current: -30, 21
[23:19:55 INFO]: [Chunky] Task running for world. Processed: 5443 chunks (9.37%), ETA: 0:20:33, Rate: 42.7 cps, Current: -32, 22
[23:19:56 INFO]: [Chunky] Task running for world. Processed: 5481 chunks (9.44%), ETA: 0:20:34, Rate: 42.6 cps, Current: -26, 24
[23:19:58 INFO]: [Chunky] Task running for world. Processed: 5525 chunks (9.51%), ETA: 0:20:30, Rate: 42.7 cps, Current: -21, 29
[23:19:59 INFO]: [Chunky] Task running for world. Processed: 5564 chunks (9.58%), ETA: 0:20:39, Rate: 42.4 cps, Current: -18, 25
[23:20:00 INFO]: [Chunky] Task running for world. Processed: 5635 chunks (9.70%), ETA: 0:20:03, Rate: 43.6 cps, Current: -16, 18
[23:20:01 INFO]: [Chunky] Task running for world. Processed: 5676 chunks (9.77%), ETA: 0:19:53, Rate: 43.9 cps, Current: -11, 22
[23:20:02 INFO]: [Chunky] Task running for world. Processed: 5721 chunks (9.85%), ETA: 0:19:28, Rate: 44.8 cps, Current: -13, 27
[23:20:03 INFO]: [Chunky] Task running for world. Processed: 5756 chunks (9.91%), ETA: 0:19:22, Rate: 45.0 cps, Current: -7, 24
[23:20:04 INFO]: [Chunky] Task running for world. Processed: 5828 chunks (10.03%), ETA: 0:18:58, Rate: 45.9 cps, Current: -2, 23
[23:20:05 INFO]: [Chunky] Task running for world. Processed: 5897 chunks (10.15%), ETA: 0:18:24, Rate: 47.3 cps, Current: -1, 9
[23:20:06 INFO]: [Chunky] Task running for world. Processed: 5953 chunks (10.25%), ETA: 0:18:43, Rate: 46.4 cps, Current: -4, 8
[23:20:07 INFO]: [Chunky] Task running for world. Processed: 6018 chunks (10.36%), ETA: 0:18:05, Rate: 48.0 cps, Current: -10, 7
[23:20:09 INFO]: [Chunky] Task running for world. Processed: 6145 chunks (10.58%), ETA: 0:17:42, Rate: 48.9 cps, Current: -31, 32
[23:20:10 INFO]: [Chunky] Task running for world. Processed: 6190 chunks (10.66%), ETA: 0:17:39, Rate: 49.0 cps, Current: -25, 32
[23:20:11 INFO]: [Chunky] Task running for world. Processed: 6251 chunks (10.76%), ETA: 0:17:45, Rate: 48.6 cps, Current: -24, 39
[23:20:12 INFO]: [Chunky] Task running for world. Processed: 6287 chunks (10.82%), ETA: 0:18:14, Rate: 47.3 cps, Current: -21, 42
[23:20:13 INFO]: [Chunky] Task running for world. Processed: 6317 chunks (10.88%), ETA: 0:18:36, Rate: 46.4 cps, Current: -17, 43
[23:20:14 INFO]: [Chunky] Task running for world. Processed: 6365 chunks (10.96%), ETA: 0:19:01, Rate: 45.3 cps, Current: -29, 41
[23:20:15 INFO]: [Chunky] Task running for world. Processed: 6412 chunks (11.04%), ETA: 0:19:14, Rate: 44.7 cps, Current: -29, 50
[23:20:16 INFO]: [Chunky] Task running for world. Processed: 6450 chunks (11.11%), ETA: 0:19:13, Rate: 44.8 cps, Current: -25, 52
[23:20:17 INFO]: [Chunky] Task running for world. Processed: 6487 chunks (11.17%), ETA: 0:19:01, Rate: 45.2 cps, Current: -28, 58
[23:20:18 INFO]: [Chunky] Task running for world. Processed: 6535 chunks (11.25%), ETA: 0:18:40, Rate: 46.0 cps, Current: -23, 58
[23:20:19 INFO]: [Chunky] Task running for world. Processed: 6574 chunks (11.32%), ETA: 0:18:46, Rate: 45.7 cps, Current: -18, 61
[23:20:20 INFO]: [Chunky] Task running for world. Processed: 6623 chunks (11.40%), ETA: 0:18:42, Rate: 45.8 cps, Current: -22, 48
[23:20:21 INFO]: [Chunky] Task running for world. Processed: 6664 chunks (11.47%), ETA: 0:18:38, Rate: 46.0 cps, Current: -15, 48
[23:20:22 INFO]: [Chunky] Task running for world. Processed: 6725 chunks (11.58%), ETA: 0:18:29, Rate: 46.3 cps, Current: -12, 55
[23:20:23 INFO]: [Chunky] Task running for world. Processed: 6772 chunks (11.66%), ETA: 0:18:20, Rate: 46.6 cps, Current: -11, 62
[23:20:24 INFO]: [Chunky] Task running for world. Processed: 6814 chunks (11.73%), ETA: 0:18:14, Rate: 46.9 cps, Current: -4, 60
[23:20:25 INFO]: [Chunky] Task running for world. Processed: 6861 chunks (11.81%), ETA: 0:17:52, Rate: 47.8 cps, Current: -1, 59
[23:20:26 INFO]: [Chunky] Task running for world. Processed: 6907 chunks (11.89%), ETA: 0:17:48, Rate: 47.9 cps, Current: -2, 50
[23:20:27 INFO]: [Chunky] Task running for world. Processed: 6943 chunks (11.95%), ETA: 0:17:57, Rate: 47.5 cps, Current: -6, 44
[23:20:28 INFO]: [Chunky] Task running for world. Processed: 7004 chunks (12.06%), ETA: 0:17:39, Rate: 48.2 cps, Current: -16, 43
[23:20:29 INFO]: [Chunky] Task running for world. Processed: 7084 chunks (12.20%), ETA: 0:17:28, Rate: 48.7 cps, Current: -12, 32
[23:20:30 INFO]: [Chunky] Task running for world. Processed: 7170 chunks (12.34%), ETA: 0:16:54, Rate: 50.2 cps, Current: 1, 32
[23:20:31 INFO]: [Chunky] Task running for world. Processed: 7213 chunks (12.42%), ETA: 0:16:55, Rate: 50.1 cps, Current: 8, 32
[23:20:33 INFO]: [Chunky] Task running for world. Processed: 7266 chunks (12.51%), ETA: 0:16:43, Rate: 50.6 cps, Current: 13, 35
[23:20:34 INFO]: [Chunky] Task running for world. Processed: 7290 chunks (12.55%), ETA: 0:17:19, Rate: 48.9 cps, Current: 10, 39
[23:20:35 INFO]: [Chunky] Task running for world. Processed: 7326 chunks (12.61%), ETA: 0:17:43, Rate: 47.7 cps, Current: 12, 44
[23:20:36 INFO]: [Chunky] Task running for world. Processed: 7367 chunks (12.68%), ETA: 0:17:51, Rate: 47.3 cps, Current: 4, 40
[23:20:37 INFO]: [Chunky] Task running for world. Processed: 7437 chunks (12.80%), ETA: 0:17:48, Rate: 47.4 cps, Current: 2, 49
[23:20:38 INFO]: [Chunky] Task running for world. Processed: 7491 chunks (12.90%), ETA: 0:18:14, Rate: 46.2 cps, Current: 1, 58
[23:20:39 INFO]: [Chunky] Task running for world. Processed: 7546 chunks (12.99%), ETA: 0:18:12, Rate: 46.3 cps, Current: 9, 57
[23:20:40 INFO]: [Chunky] Task running for world. Processed: 7589 chunks (13.07%), ETA: 0:18:26, Rate: 45.6 cps, Current: 12, 62
[23:20:41 INFO]: [Chunky] Task running for world. Processed: 7652 chunks (13.17%), ETA: 0:18:01, Rate: 46.6 cps, Current: 15, 56
[23:20:42 INFO]: [Chunky] Task running for world. Processed: 7696 chunks (13.25%), ETA: 0:17:48, Rate: 47.2 cps, Current: 21, 50
[23:20:43 INFO]: [Chunky] Task running for world. Processed: 7758 chunks (13.36%), ETA: 0:17:38, Rate: 47.6 cps, Current: 17, 60
[23:20:44 INFO]: [Chunky] Task running for world. Processed: 7804 chunks (13.44%), ETA: 0:17:40, Rate: 47.4 cps, Current: 20, 63
[23:20:45 INFO]: [Chunky] Task running for world. Processed: 7845 chunks (13.51%), ETA: 0:17:36, Rate: 47.6 cps, Current: 28, 57
[23:20:46 INFO]: [Chunky] Task running for world. Processed: 7901 chunks (13.60%), ETA: 0:17:21, Rate: 48.2 cps, Current: 25, 51
[23:20:47 INFO]: [Chunky] Task running for world. Processed: 7932 chunks (13.66%), ETA: 0:17:34, Rate: 47.6 cps, Current: 29, 47
[23:20:48 INFO]: [Chunky] Task running for world. Processed: 7971 chunks (13.72%), ETA: 0:17:35, Rate: 47.5 cps, Current: 31, 45
[23:20:49 INFO]: [Chunky] Task running for world. Processed: 8042 chunks (13.85%), ETA: 0:17:14, Rate: 48.4 cps, Current: 16, 41
[23:20:50 INFO]: [Chunky] Task running for world. Processed: 8129 chunks (14.00%), ETA: 0:16:39, Rate: 50.0 cps, Current: 24, 32
[23:20:51 INFO]: [Chunky] Task running for world. Processed: 8210 chunks (14.14%), ETA: 0:16:25, Rate: 50.6 cps, Current: 33, 37
[23:20:52 INFO]: [Chunky] Task running for world. Processed: 8260 chunks (14.22%), ETA: 0:16:22, Rate: 50.7 cps, Current: 36, 39
[23:20:54 INFO]: [Chunky] Task running for world. Processed: 8314 chunks (14.31%), ETA: 0:16:19, Rate: 50.8 cps, Current: 42, 39
[23:20:55 INFO]: [Chunky] Task running for world. Processed: 8357 chunks (14.39%), ETA: 0:16:21, Rate: 50.7 cps, Current: 46, 44
[23:20:56 INFO]: [Chunky] Task running for world. Processed: 8414 chunks (14.49%), ETA: 0:16:12, Rate: 51.1 cps, Current: 41, 47
[23:20:57 INFO]: [Chunky] Task running for world. Processed: 8487 chunks (14.61%), ETA: 0:15:42, Rate: 52.6 cps, Current: 38, 49
[23:20:58 INFO]: [Chunky] Task running for world. Processed: 8538 chunks (14.70%), ETA: 0:15:45, Rate: 52.4 cps, Current: 33, 63
[23:20:59 INFO]: [Chunky] Task running for world. Processed: 8589 chunks (14.79%), ETA: 0:15:58, Rate: 51.6 cps, Current: 38, 63
[23:21:00 INFO]: [Chunky] Task running for world. Processed: 8627 chunks (14.85%), ETA: 0:16:33, Rate: 49.8 cps, Current: 46, 59
[23:21:01 INFO]: [Chunky] Task running for world. Processed: 8705 chunks (14.99%), ETA: 0:16:11, Rate: 50.8 cps, Current: 48, 48
[23:21:02 INFO]: [Chunky] Task running for world. Processed: 8743 chunks (15.05%), ETA: 0:16:19, Rate: 50.4 cps, Current: 50, 54
[23:21:03 INFO]: [Chunky] Task running for world. Processed: 8794 chunks (15.14%), ETA: 0:15:57, Rate: 51.5 cps, Current: 51, 60
[23:21:04 INFO]: [Chunky] Task running for world. Processed: 8840 chunks (15.22%), ETA: 0:15:49, Rate: 51.9 cps, Current: 53, 63
[23:21:05 INFO]: [Chunky] Task running for world. Processed: 8876 chunks (15.28%), ETA: 0:15:52, Rate: 51.7 cps, Current: 58, 63
[23:21:06 INFO]: [Chunky] Task running for world. Processed: 8932 chunks (15.38%), ETA: 0:15:59, Rate: 51.2 cps, Current: 60, 52
[23:21:07 INFO]: [Chunky] Task running for world. Processed: 8962 chunks (15.43%), ETA: 0:16:15, Rate: 50.4 cps, Current: 60, 47
[23:21:08 INFO]: [Chunky] Task running for world. Processed: 9002 chunks (15.50%), ETA: 0:16:18, Rate: 50.2 cps, Current: 57, 44
[23:21:09 INFO]: [Chunky] Task running for world. Processed: 9075 chunks (15.62%), ETA: 0:15:57, Rate: 51.2 cps, Current: 55, 41
[23:21:10 INFO]: [Chunky] Task running for world. Processed: 9135 chunks (15.73%), ETA: 0:15:58, Rate: 51.1 cps, Current: 52, 34
[23:21:11 INFO]: [Chunky] Task running for world. Processed: 9222 chunks (15.88%), ETA: 0:15:30, Rate: 52.5 cps, Current: 64, 37
[23:21:12 INFO]: [Chunky] Task running for world. Processed: 9261 chunks (15.94%), ETA: 0:15:44, Rate: 51.7 cps, Current: 69, 34
[23:21:13 INFO]: [Chunky] Task running for world. Processed: 9284 chunks (15.98%), ETA: 0:15:57, Rate: 51.0 cps, Current: 73, 33
[23:21:14 INFO]: [Chunky] Task running for world. Processed: 9336 chunks (16.07%), ETA: 0:15:49, Rate: 51.4 cps, Current: 73, 39
[23:21:15 INFO]: [Chunky] Task running for world. Processed: 9380 chunks (16.15%), ETA: 0:15:55, Rate: 50.9 cps, Current: 76, 45
[23:21:16 INFO]: [Chunky] Task running for world. Processed: 9445 chunks (16.26%), ETA: 0:15:32, Rate: 52.2 cps, Current: 71, 47
[23:21:17 INFO]: [Chunky] Task running for world. Processed: 9515 chunks (16.38%), ETA: 0:15:10, Rate: 53.3 cps, Current: 65, 54
[23:21:18 INFO]: [Chunky] Task running for world. Processed: 9578 chunks (16.49%), ETA: 0:15:16, Rate: 52.9 cps, Current: 67, 62
[23:21:19 INFO]: [Chunky] Task running for world. Processed: 9623 chunks (16.57%), ETA: 0:15:40, Rate: 51.5 cps, Current: 76, 61
[23:21:20 INFO]: [Chunky] Task running for world. Processed: 9659 chunks (16.63%), ETA: 0:16:08, Rate: 50.0 cps, Current: 78, 57
[23:21:21 INFO]: [Chunky] Task running for world. Processed: 9731 chunks (16.75%), ETA: 0:15:53, Rate: 50.7 cps, Current: 80, 50
[23:21:23 INFO]: [Chunky] Task running for world. Processed: 9778 chunks (16.84%), ETA: 0:15:50, Rate: 50.8 cps, Current: 81, 55
[23:21:24 INFO]: [Chunky] Task running for world. Processed: 9839 chunks (16.94%), ETA: 0:15:43, Rate: 51.1 cps, Current: 86, 57
[23:21:25 INFO]: [Chunky] Task running for world. Processed: 9884 chunks (17.02%), ETA: 0:15:40, Rate: 51.3 cps, Current: 88, 63
[23:21:26 INFO]: [Chunky] Task running for world. Processed: 9931 chunks (17.10%), ETA: 0:15:46, Rate: 50.9 cps, Current: 94, 54
[23:21:27 INFO]: [Chunky] Task running for world. Processed: 9979 chunks (17.18%), ETA: 0:16:00, Rate: 50.1 cps, Current: 94, 50
[23:21:28 INFO]: [Chunky] Task running for world. Processed: 10019 chunks (17.25%), ETA: 0:16:11, Rate: 49.5 cps, Current: 95, 45
[23:21:29 INFO]: [Chunky] Task running for world. Processed: 10103 chunks (17.39%), ETA: 0:15:48, Rate: 50.6 cps, Current: 83, 41
[23:21:30 INFO]: [Chunky] Task running for world. Processed: 10131 chunks (17.44%), ETA: 0:16:15, Rate: 49.2 cps, Current: 87, 38
[23:21:31 INFO]: [Chunky] Task running for world. Processed: 10192 chunks (17.55%), ETA: 0:15:58, Rate: 50.0 cps, Current: 89, 33
[23:21:32 INFO]: [Chunky] Task running for world. Processed: 10224 chunks (17.60%), ETA: 0:16:10, Rate: 49.3 cps, Current: 93, 35
[23:21:33 INFO]: [Chunky] Task running for world. Processed: 10258 chunks (17.66%), ETA: 0:16:20, Rate: 48.8 cps, Current: 94, 32
[23:21:34 INFO]: [Chunky] Task running for world. Processed: 10282 chunks (17.70%), ETA: 0:16:28, Rate: 48.4 cps, Current: 69, 2
[23:21:35 INFO]: [Chunky] Task running for world. Processed: 10300 chunks (17.73%), ETA: 0:16:55, Rate: 47.1 cps, Current: 70, 0
[23:21:36 INFO]: [Chunky] Task running for world. Processed: 10337 chunks (17.80%), ETA: 0:16:48, Rate: 47.3 cps, Current: 76, 5
[23:21:37 INFO]: [Chunky] Task running for world. Processed: 10376 chunks (17.86%), ETA: 0:16:50, Rate: 47.2 cps, Current: 74, 10
[23:21:38 INFO]: [Chunky] Task running for world. Processed: 10411 chunks (17.92%), ETA: 0:17:19, Rate: 45.9 cps, Current: 74, 13
[23:21:39 INFO]: [Chunky] Task running for world. Processed: 10497 chunks (18.07%), ETA: 0:17:03, Rate: 46.5 cps, Current: 64, 16
[23:21:40 INFO]: [Chunky] Task running for world. Processed: 10552 chunks (18.17%), ETA: 0:17:25, Rate: 45.4 cps, Current: 64, 26
[23:21:41 INFO]: [Chunky] Task running for world. Processed: 10633 chunks (18.31%), ETA: 0:16:51, Rate: 46.9 cps, Current: 73, 31
[23:21:43 INFO]: [Chunky] Task running for world. Processed: 10686 chunks (18.40%), ETA: 0:16:29, Rate: 47.9 cps, Current: 72, 22
[23:21:44 INFO]: [Chunky] Task running for world. Processed: 10755 chunks (18.52%), ETA: 0:16:17, Rate: 48.4 cps, Current: 80, 18
[23:21:45 INFO]: [Chunky] Task running for world. Processed: 10803 chunks (18.60%), ETA: 0:16:16, Rate: 48.4 cps, Current: 84, 16
[23:21:46 INFO]: [Chunky] Task running for world. Processed: 10883 chunks (18.74%), ETA: 0:16:04, Rate: 48.9 cps, Current: 88, 26
[23:21:47 INFO]: [Chunky] Task running for world. Processed: 10932 chunks (18.82%), ETA: 0:16:16, Rate: 48.3 cps, Current: 93, 25
[23:21:48 INFO]: [Chunky] Task running for world. Processed: 10988 chunks (18.92%), ETA: 0:16:18, Rate: 48.1 cps, Current: 92, 19
[23:21:49 INFO]: [Chunky] Task running for world. Processed: 11010 chunks (18.96%), ETA: 0:16:34, Rate: 47.3 cps, Current: 92, 15
[23:21:50 INFO]: [Chunky] Task running for world. Processed: 11043 chunks (19.01%), ETA: 0:16:36, Rate: 47.2 cps, Current: 95, 13
[23:21:51 INFO]: [Chunky] Task running for world. Processed: 11077 chunks (19.07%), ETA: 0:17:03, Rate: 45.9 cps, Current: 80, 14
[23:21:52 INFO]: [Chunky] Task running for world. Processed: 11139 chunks (19.18%), ETA: 0:16:51, Rate: 46.4 cps, Current: 80, 7
[23:21:53 INFO]: [Chunky] Task running for world. Processed: 11201 chunks (19.29%), ETA: 0:16:49, Rate: 46.4 cps, Current: 89, 6
[23:21:54 INFO]: [Chunky] Task running for world. Processed: 11246 chunks (19.36%), ETA: 0:16:50, Rate: 46.4 cps, Current: 95, 6
[23:21:55 INFO]: [Chunky] Task running for world. Processed: 11283 chunks (19.43%), ETA: 0:16:58, Rate: 45.9 cps, Current: 65, -25
[23:21:56 INFO]: [Chunky] Task running for world. Processed: 11300 chunks (19.46%), ETA: 0:17:26, Rate: 44.7 cps, Current: 68, -29
[23:21:57 INFO]: [Chunky] Task running for world. Processed: 11318 chunks (19.49%), ETA: 0:17:39, Rate: 44.1 cps, Current: 71, -29
[23:21:58 INFO]: [Chunky] Task running for world. Processed: 11357 chunks (19.55%), ETA: 0:18:18, Rate: 42.5 cps, Current: 77, -28
[23:21:59 INFO]: [Chunky] Task running for world. Processed: 11398 chunks (19.62%), ETA: 0:18:02, Rate: 43.1 cps, Current: 79, -26
[23:22:00 INFO]: [Chunky] Task running for world. Processed: 11424 chunks (19.67%), ETA: 0:18:35, Rate: 41.8 cps, Current: 75, -20
[23:22:01 INFO]: [Chunky] Task running for world. Processed: 11483 chunks (19.77%), ETA: 0:18:10, Rate: 42.7 cps, Current: 66, -23
[23:22:02 INFO]: [Chunky] Task running for world. Processed: 11533 chunks (19.86%), ETA: 0:17:53, Rate: 43.4 cps, Current: 66, -15
[23:22:03 INFO]: [Chunky] Task running for world. Processed: 11592 chunks (19.96%), ETA: 0:17:24, Rate: 44.5 cps, Current: 66, -8
[23:22:04 INFO]: [Chunky] Task running for world. Processed: 11672 chunks (20.10%), ETA: 0:16:35, Rate: 46.6 cps, Current: 79, -1
[23:22:05 INFO]: [Chunky] Task running for world. Processed: 11737 chunks (20.21%), ETA: 0:16:13, Rate: 47.6 cps, Current: 79, -5
[23:22:07 INFO]: [Chunky] Task running for world. Processed: 11779 chunks (20.28%), ETA: 0:16:11, Rate: 47.7 cps, Current: 80, -14
[23:22:08 INFO]: [Chunky] Task running for world. Processed: 11825 chunks (20.36%), ETA: 0:16:00, Rate: 48.2 cps, Current: 81, -9
[23:22:09 INFO]: [Chunky] Task running for world. Processed: 11906 chunks (20.50%), ETA: 0:15:57, Rate: 48.2 cps, Current: 88, -7
[23:22:10 INFO]: [Chunky] Task running for world. Processed: 11966 chunks (20.60%), ETA: 0:15:52, Rate: 48.4 cps, Current: 88, -10
[23:22:11 INFO]: [Chunky] Task running for world. Processed: 12019 chunks (20.69%), ETA: 0:16:09, Rate: 47.5 cps, Current: 90, -16
[23:22:12 INFO]: [Chunky] Task running for world. Processed: 12043 chunks (20.73%), ETA: 0:16:27, Rate: 46.6 cps, Current: 95, -15
[23:22:13 INFO]: [Chunky] Task running for world. Processed: 12096 chunks (20.83%), ETA: 0:16:41, Rate: 45.9 cps, Current: 91, -24
[23:22:14 INFO]: [Chunky] Task running for world. Processed: 12148 chunks (20.92%), ETA: 0:16:35, Rate: 46.2 cps, Current: 81, -23
[23:22:15 INFO]: [Chunky] Task running for world. Processed: 12204 chunks (21.01%), ETA: 0:16:51, Rate: 45.4 cps, Current: 86, -28
[23:22:16 INFO]: [Chunky] Task running for world. Processed: 12257 chunks (21.10%), ETA: 0:16:46, Rate: 45.5 cps, Current: 91, -28
[23:22:17 INFO]: [Chunky] Task running for world. Processed: 12279 chunks (21.14%), ETA: 0:17:19, Rate: 44.1 cps, Current: 93, -31
[23:22:18 INFO]: [Chunky] Task running for world. Processed: 12295 chunks (21.17%), ETA: 0:17:25, Rate: 43.8 cps, Current: 95, -31
[23:22:19 INFO]: [Chunky] Task running for world. Processed: 12316 chunks (21.20%), ETA: 0:17:37, Rate: 43.3 cps, Current: 64, -59
[23:22:20 INFO]: [Chunky] Task running for world. Processed: 12349 chunks (21.26%), ETA: 0:17:36, Rate: 43.3 cps, Current: 71, -57
[23:22:21 INFO]: [Chunky] Task running for world. Processed: 12383 chunks (21.32%), ETA: 0:18:01, Rate: 42.3 cps, Current: 74, -59
[23:22:22 INFO]: [Chunky] Task running for world. Processed: 12432 chunks (21.40%), ETA: 0:18:09, Rate: 41.9 cps, Current: 77, -55
[23:22:23 INFO]: [Chunky] Task running for world. Processed: 12468 chunks (21.47%), ETA: 0:18:17, Rate: 41.5 cps, Current: 71, -52
[23:22:24 INFO]: [Chunky] Task running for world. Processed: 12529 chunks (21.57%), ETA: 0:17:54, Rate: 42.4 cps, Current: 66, -52
[23:22:25 INFO]: [Chunky] Task running for world. Processed: 12562 chunks (21.63%), ETA: 0:17:38, Rate: 43.0 cps, Current: 70, -46
[23:22:27 INFO]: [Chunky] Task running for world. Processed: 12592 chunks (21.68%), ETA: 0:17:27, Rate: 43.4 cps, Current: 64, -44
[23:22:28 INFO]: [Chunky] Task running for world. Processed: 12654 chunks (21.79%), ETA: 0:17:04, Rate: 44.3 cps, Current: 69, -36
[23:22:29 INFO]: [Chunky] Task running for world. Processed: 12717 chunks (21.90%), ETA: 0:16:46, Rate: 45.1 cps, Current: 75, -40
[23:22:30 INFO]: [Chunky] Task running for world. Processed: 12794 chunks (22.03%), ETA: 0:16:11, Rate: 46.6 cps, Current: 79, -42
[23:22:31 INFO]: [Chunky] Task running for world. Processed: 12817 chunks (22.07%), ETA: 0:16:26, Rate: 45.9 cps, Current: 85, -46
[23:22:32 INFO]: [Chunky] Task running for world. Processed: 12880 chunks (22.18%), ETA: 0:16:24, Rate: 45.9 cps, Current: 87, -41
[23:22:33 INFO]: [Chunky] Task running for world. Processed: 12944 chunks (22.29%), ETA: 0:16:17, Rate: 46.2 cps, Current: 90, -33
[23:22:34 INFO]: [Chunky] Task running for world. Processed: 12997 chunks (22.38%), ETA: 0:16:36, Rate: 45.2 cps, Current: 94, -38
[23:22:35 INFO]: [Chunky] Task running for world. Processed: 13050 chunks (22.47%), ETA: 0:16:49, Rate: 44.6 cps, Current: 94, -46
[23:22:36 INFO]: [Chunky] Task running for world. Processed: 13084 chunks (22.53%), ETA: 0:16:52, Rate: 44.4 cps, Current: 91, -51
[23:22:37 INFO]: [Chunky] Task running for world. Processed: 13146 chunks (22.63%), ETA: 0:16:39, Rate: 44.9 cps, Current: 87, -52
[23:22:38 INFO]: [Chunky] Task running for world. Processed: 13218 chunks (22.76%), ETA: 0:16:46, Rate: 44.6 cps, Current: 82, -62
[23:22:39 INFO]: [Chunky] Task running for world. Processed: 13275 chunks (22.86%), ETA: 0:16:48, Rate: 44.4 cps, Current: 86, -64
[23:22:40 INFO]: [Chunky] Task running for world. Processed: 13304 chunks (22.91%), ETA: 0:17:09, Rate: 43.5 cps, Current: 94, -62
[23:22:41 INFO]: [Chunky] Task running for world. Processed: 13322 chunks (22.94%), ETA: 0:17:17, Rate: 43.1 cps, Current: 95, -64
[23:22:42 INFO]: [Chunky] Task running for world. Processed: 13358 chunks (23.00%), ETA: 0:17:27, Rate: 42.7 cps, Current: 38, -59
[23:22:43 INFO]: [Chunky] Task running for world. Processed: 13380 chunks (23.04%), ETA: 0:17:52, Rate: 41.7 cps, Current: 41, -63
[23:22:44 INFO]: [Chunky] Task running for world. Processed: 13423 chunks (23.11%), ETA: 0:18:03, Rate: 41.2 cps, Current: 47, -62
[23:22:45 INFO]: [Chunky] Task running for world. Processed: 13458 chunks (23.17%), ETA: 0:18:19, Rate: 40.6 cps, Current: 40, -54
[23:22:46 INFO]: [Chunky] Task running for world. Processed: 13508 chunks (23.26%), ETA: 0:17:45, Rate: 41.8 cps, Current: 39, -50
[23:22:48 INFO]: [Chunky] Task running for world. Processed: 13563 chunks (23.35%), ETA: 0:17:11, Rate: 43.1 cps, Current: 37, -48
[23:22:49 INFO]: [Chunky] Task running for world. Processed: 13603 chunks (23.42%), ETA: 0:16:55, Rate: 43.8 cps, Current: 36, -43
[23:22:50 INFO]: [Chunky] Task running for world. Processed: 13651 chunks (23.50%), ETA: 0:16:52, Rate: 43.9 cps, Current: 35, -35
[23:22:51 INFO]: [Chunky] Task running for world. Processed: 13730 chunks (23.64%), ETA: 0:16:10, Rate: 45.7 cps, Current: 45, -35
[23:22:52 INFO]: [Chunky] Task running for world. Processed: 13818 chunks (23.79%), ETA: 0:15:42, Rate: 46.9 cps, Current: 47, -42
[23:22:53 INFO]: [Chunky] Task running for world. Processed: 13846 chunks (23.84%), ETA: 0:15:48, Rate: 46.6 cps, Current: 53, -44
[23:22:54 INFO]: [Chunky] Task running for world. Processed: 13905 chunks (23.94%), ETA: 0:15:50, Rate: 46.5 cps, Current: 50, -40
[23:22:55 INFO]: [Chunky] Task running for world. Processed: 14006 chunks (24.11%), ETA: 0:15:05, Rate: 48.7 cps, Current: 59, -39
[23:22:56 INFO]: [Chunky] Task running for world. Processed: 14084 chunks (24.25%), ETA: 0:14:35, Rate: 50.2 cps, Current: 63, -52
[23:22:57 INFO]: [Chunky] Task running for world. Processed: 14145 chunks (24.35%), ETA: 0:14:26, Rate: 50.7 cps, Current: 60, -56
[23:22:58 INFO]: [Chunky] Task running for world. Processed: 14225 chunks (24.49%), ETA: 0:14:20, Rate: 51.0 cps, Current: 54, -58
[23:22:59 INFO]: [Chunky] Task running for world. Processed: 14270 chunks (24.57%), ETA: 0:14:33, Rate: 50.1 cps, Current: 57, -57
[23:23:01 INFO]: [Chunky] Task running for world. Processed: 14337 chunks (24.68%), ETA: 0:14:39, Rate: 49.8 cps, Current: 2, -59
[23:23:02 INFO]: [Chunky] Task running for world. Processed: 14372 chunks (24.74%), ETA: 0:15:06, Rate: 48.2 cps, Current: 0, -62
[23:23:03 INFO]: [Chunky] Task running for world. Processed: 14405 chunks (24.80%), ETA: 0:15:17, Rate: 47.6 cps, Current: 12, -62
[23:23:04 INFO]: [Chunky] Task running for world. Processed: 14465 chunks (24.90%), ETA: 0:15:14, Rate: 47.7 cps, Current: 14, -57
[23:23:06 INFO]: [Chunky] Task running for world. Processed: 14510 chunks (24.98%), ETA: 0:15:00, Rate: 48.4 cps, Current: 13, -50
[23:23:07 INFO]: [Chunky] Task running for world. Processed: 14567 chunks (25.08%), ETA: 0:15:01, Rate: 48.3 cps, Current: 4, -50
[23:23:08 INFO]: [Chunky] Task running for world. Processed: 14609 chunks (25.15%), ETA: 0:15:21, Rate: 47.2 cps, Current: 7, -47
[23:23:09 INFO]: [Chunky] Task running for world. Processed: 14641 chunks (25.21%), ETA: 0:15:34, Rate: 46.5 cps, Current: 2, -42
[23:23:10 INFO]: [Chunky] Task running for world. Processed: 14715 chunks (25.34%), ETA: 0:15:09, Rate: 47.7 cps, Current: 8, -40
[23:23:11 INFO]: [Chunky] Task running for world. Processed: 14781 chunks (25.45%), ETA: 0:14:35, Rate: 49.4 cps, Current: 13, -41
[23:23:12 INFO]: [Chunky] Task running for world. Processed: 14851 chunks (25.57%), ETA: 0:14:09, Rate: 50.9 cps, Current: 16, -46
[23:23:13 INFO]: [Chunky] Task running for world. Processed: 14909 chunks (25.67%), ETA: 0:13:53, Rate: 51.8 cps, Current: 22, -48
[23:23:14 INFO]: [Chunky] Task running for world. Processed: 15017 chunks (25.86%), ETA: 0:13:13, Rate: 54.2 cps, Current: 27, -36
[23:23:15 INFO]: [Chunky] Task running for world. Processed: 15113 chunks (26.02%), ETA: 0:12:41, Rate: 56.4 cps, Current: 31, -55
[23:23:16 INFO]: [Chunky] Task running for world. Processed: 15189 chunks (26.15%), ETA: 0:12:25, Rate: 57.6 cps, Current: 26, -56
[23:23:17 INFO]: [Chunky] Task running for world. Processed: 15271 chunks (26.29%), ETA: 0:12:15, Rate: 58.2 cps, Current: 21, -60
[23:23:18 INFO]: [Chunky] Task running for world. Processed: 15354 chunks (26.44%), ETA: 0:12:00, Rate: 59.3 cps, Current: 25, -64
[23:23:19 INFO]: [Chunky] Task running for world. Processed: 15361 chunks (26.45%), ETA: 0:12:25, Rate: 57.3 cps, Current: -30, -59
[23:23:20 INFO]: [Chunky] Task running for world. Processed: 15386 chunks (26.49%), ETA: 0:12:41, Rate: 56.1 cps, Current: -29, -64
[23:23:21 INFO]: [Chunky] Task running for world. Processed: 15424 chunks (26.56%), ETA: 0:12:54, Rate: 55.1 cps, Current: -24, -61
[23:23:23 INFO]: [Chunky] Task running for world. Processed: 15470 chunks (26.64%), ETA: 0:12:54, Rate: 55.0 cps, Current: -21, -64
[23:23:24 INFO]: [Chunky] Task running for world. Processed: 15506 chunks (26.70%), ETA: 0:13:12, Rate: 53.7 cps, Current: -17, -56
[23:23:25 INFO]: [Chunky] Task running for world. Processed: 15535 chunks (26.75%), ETA: 0:13:51, Rate: 51.2 cps, Current: -23, -51
[23:23:26 INFO]: [Chunky] Task running for world. Processed: 15575 chunks (26.82%), ETA: 0:14:04, Rate: 50.4 cps, Current: -29, -56
[23:23:27 INFO]: [Chunky] Task running for world. Processed: 15613 chunks (26.88%), ETA: 0:14:27, Rate: 49.0 cps, Current: -25, -48
[23:23:28 INFO]: [Chunky] Task running for world. Processed: 15646 chunks (26.94%), ETA: 0:14:40, Rate: 48.2 cps, Current: -27, -44
[23:23:29 INFO]: [Chunky] Task running for world. Processed: 15667 chunks (26.97%), ETA: 0:15:19, Rate: 46.1 cps, Current: -31, -43
[23:23:30 INFO]: [Chunky] Task running for world. Processed: 15731 chunks (27.08%), ETA: 0:14:22, Rate: 49.1 cps, Current: -26, -40
[23:23:31 INFO]: [Chunky] Task running for world. Processed: 15782 chunks (27.17%), ETA: 0:14:21, Rate: 49.1 cps, Current: -22, -40
[23:23:32 INFO]: [Chunky] Task running for world. Processed: 15859 chunks (27.30%), ETA: 0:13:57, Rate: 50.4 cps, Current: -17, -40
[23:23:33 INFO]: [Chunky] Task running for world. Processed: 15891 chunks (27.36%), ETA: 0:13:57, Rate: 50.4 cps, Current: -13, -47
[23:23:34 INFO]: [Chunky] Task running for world. Processed: 15945 chunks (27.45%), ETA: 0:13:59, Rate: 50.2 cps, Current: -9, -44
[23:23:35 INFO]: [Chunky] Task running for world. Processed: 16039 chunks (27.61%), ETA: 0:13:31, Rate: 51.8 cps, Current: -1, -36
[23:23:36 INFO]: [Chunky] Task running for world. Processed: 16133 chunks (27.78%), ETA: 0:13:10, Rate: 53.0 cps, Current: -1, -53
[23:23:37 INFO]: [Chunky] Task running for world. Processed: 16186 chunks (27.87%), ETA: 0:13:04, Rate: 53.4 cps, Current: -7, -52
[23:23:38 INFO]: [Chunky] Task running for world. Processed: 16258 chunks (27.99%), ETA: 0:12:43, Rate: 54.8 cps, Current: -16, -57
[23:23:39 INFO]: [Chunky] Task running for world. Processed: 16317 chunks (28.09%), ETA: 0:12:49, Rate: 54.3 cps, Current: -8, -62
[23:23:42 INFO]: [Chunky] Task running for world. Processed: 16385 chunks (28.21%), ETA: 0:13:44, Rate: 50.6 cps, Current: -62, -59
[23:23:43 INFO]: [Chunky] Task running for world. Processed: 16410 chunks (28.25%), ETA: 0:14:29, Rate: 47.9 cps, Current: -60, -61
[23:23:44 INFO]: [Chunky] Task running for world. Processed: 16442 chunks (28.31%), ETA: 0:15:16, Rate: 45.4 cps, Current: -59, -63
[23:23:45 INFO]: [Chunky] Task running for world. Processed: 16476 chunks (28.37%), ETA: 0:15:44, Rate: 44.0 cps, Current: -51, -63
[23:23:46 INFO]: [Chunky] Task running for world. Processed: 16505 chunks (28.42%), ETA: 0:16:22, Rate: 42.3 cps, Current: -49, -60
[23:23:47 INFO]: [Chunky] Task running for world. Processed: 16536 chunks (28.47%), ETA: 0:17:08, Rate: 40.4 cps, Current: -50, -54
[23:23:48 INFO]: [Chunky] Task running for world. Processed: 16573 chunks (28.53%), ETA: 0:16:23, Rate: 42.2 cps, Current: -49, -50
[23:23:49 INFO]: [Chunky] Task running for world. Processed: 16624 chunks (28.62%), ETA: 0:16:15, Rate: 42.5 cps, Current: -62, -52
[23:23:50 INFO]: [Chunky] Task running for world. Processed: 16657 chunks (28.68%), ETA: 0:16:09, Rate: 42.7 cps, Current: -57, -47
[23:23:51 INFO]: [Chunky] Task running for world. Processed: 16690 chunks (28.74%), ETA: 0:16:13, Rate: 42.5 cps, Current: -57, -44
[23:23:52 INFO]: [Chunky] Task running for world. Processed: 16710 chunks (28.77%), ETA: 0:16:30, Rate: 41.8 cps, Current: -62, -37
[23:23:53 INFO]: [Chunky] Task running for world. Processed: 16760 chunks (28.86%), ETA: 0:16:19, Rate: 42.2 cps, Current: -57, -39
[23:23:54 INFO]: [Chunky] Task running for world. Processed: 16798 chunks (28.92%), ETA: 0:16:15, Rate: 42.3 cps, Current: -52, -36
[23:23:55 INFO]: [Chunky] Task running for world. Processed: 16840 chunks (28.99%), ETA: 0:16:12, Rate: 42.4 cps, Current: -50, -41
[23:23:57 INFO]: [Chunky] Task running for world. Processed: 16898 chunks (29.09%), ETA: 0:15:56, Rate: 43.1 cps, Current: -48, -47
[23:23:58 INFO]: [Chunky] Task running for world. Processed: 16926 chunks (29.14%), ETA: 0:15:59, Rate: 42.9 cps, Current: -45, -47
[23:23:59 INFO]: [Chunky] Task running for world. Processed: 16973 chunks (29.22%), ETA: 0:15:37, Rate: 43.9 cps, Current: -47, -37
[23:24:00 INFO]: [Chunky] Task running for world. Processed: 17007 chunks (29.28%), ETA: 0:15:58, Rate: 42.8 cps, Current: -42, -39
[23:24:01 INFO]: [Chunky] Task running for world. Processed: 17051 chunks (29.36%), ETA: 0:16:02, Rate: 42.6 cps, Current: -36, -36
[23:24:02 INFO]: [Chunky] Task running for world. Processed: 17128 chunks (29.49%), ETA: 0:15:58, Rate: 42.7 cps, Current: -38, -46
[23:24:03 INFO]: [Chunky] Task running for world. Processed: 17170 chunks (29.56%), ETA: 0:15:58, Rate: 42.7 cps, Current: -36, -49
[23:24:04 INFO]: [Chunky] Task running for world. Processed: 17213 chunks (29.64%), ETA: 0:16:04, Rate: 42.4 cps, Current: -39, -54
[23:24:05 INFO]: [Chunky] Task running for world. Processed: 17253 chunks (29.71%), ETA: 0:17:33, Rate: 38.8 cps, Current: -45, -53
[23:24:06 INFO]: [Chunky] Task running for world. Processed: 17298 chunks (29.78%), ETA: 0:17:33, Rate: 38.7 cps, Current: -47, -59
[23:24:07 INFO]: [Chunky] Task running for world. Processed: 17328 chunks (29.83%), ETA: 0:18:21, Rate: 37.0 cps, Current: -47, -64
[23:24:08 INFO]: [Chunky] Task running for world. Processed: 17395 chunks (29.95%), ETA: 0:17:51, Rate: 38.0 cps, Current: -33, -63
[23:24:09 INFO]: [Chunky] Task running for world. Processed: 17409 chunks (29.97%), ETA: 0:18:06, Rate: 37.4 cps, Current: -62, -32
[23:24:10 INFO]: [Chunky] Task running for world. Processed: 17453 chunks (30.05%), ETA: 0:18:02, Rate: 37.5 cps, Current: -64, -30
[23:24:11 INFO]: [Chunky] Task running for world. Processed: 17504 chunks (30.14%), ETA: 0:17:48, Rate: 38.0 cps, Current: -49, -31
[23:24:12 INFO]: [Chunky] Task running for world. Processed: 17540 chunks (30.20%), ETA: 0:17:40, Rate: 38.2 cps, Current: -55, -22
[23:24:14 INFO]: [Chunky] Task running for world. Processed: 17567 chunks (30.25%), ETA: 0:17:42, Rate: 38.1 cps, Current: -51, -19
[23:24:15 INFO]: [Chunky] Task running for world. Processed: 17604 chunks (30.31%), ETA: 0:17:37, Rate: 38.3 cps, Current: -49, -18
[23:24:16 INFO]: [Chunky] Task running for world. Processed: 17649 chunks (30.39%), ETA: 0:17:23, Rate: 38.7 cps, Current: -62, -20
[23:24:17 INFO]: [Chunky] Task running for world. Processed: 17683 chunks (30.45%), ETA: 0:17:21, Rate: 38.8 cps, Current: -64, -18
[23:24:18 INFO]: [Chunky] Task running for world. Processed: 17716 chunks (30.50%), ETA: 0:17:31, Rate: 38.4 cps, Current: -62, -9
[23:24:19 INFO]: [Chunky] Task running for world. Processed: 17757 chunks (30.57%), ETA: 0:17:40, Rate: 38.0 cps, Current: -59, -8
[23:24:20 INFO]: [Chunky] Task running for world. Processed: 17805 chunks (30.66%), ETA: 0:17:26, Rate: 38.5 cps, Current: -55, -4
[23:24:21 INFO]: [Chunky] Task running for world. Processed: 17835 chunks (30.71%), ETA: 0:17:24, Rate: 38.5 cps, Current: -50, -2
[23:24:22 INFO]: [Chunky] Task running for world. Processed: 17887 chunks (30.80%), ETA: 0:17:00, Rate: 39.4 cps, Current: -54, -16
[23:24:23 INFO]: [Chunky] Task running for world. Processed: 17924 chunks (30.86%), ETA: 0:17:13, Rate: 38.9 cps, Current: -48, -13
[23:24:25 INFO]: [Chunky] Task running for world. Processed: 17967 chunks (30.93%), ETA: 0:17:12, Rate: 38.8 cps, Current: -48, -9
[23:24:26 INFO]: [Chunky] Task running for world. Processed: 18015 chunks (31.02%), ETA: 0:17:19, Rate: 38.5 cps, Current: -44, -5
[23:24:27 INFO]: [Chunky] Task running for world. Processed: 18049 chunks (31.08%), ETA: 0:17:12, Rate: 38.8 cps, Current: -40, -6
[23:24:28 INFO]: [Chunky] Task running for world. Processed: 18129 chunks (31.21%), ETA: 0:16:41, Rate: 39.9 cps, Current: -36, -10
[23:24:29 INFO]: [Chunky] Task running for world. Processed: 18184 chunks (31.31%), ETA: 0:16:21, Rate: 40.7 cps, Current: -33, -22
[23:24:30 INFO]: [Chunky] Task running for world. Processed: 18219 chunks (31.37%), ETA: 0:16:25, Rate: 40.4 cps, Current: -36, -23
[23:24:31 INFO]: [Chunky] Task running for world. Processed: 18262 chunks (31.44%), ETA: 0:16:27, Rate: 40.3 cps, Current: -39, -24
[23:24:32 INFO]: [Chunky] Task running for world. Processed: 18316 chunks (31.54%), ETA: 0:16:43, Rate: 39.6 cps, Current: -46, -26
[23:24:33 INFO]: [Chunky] Task running for world. Processed: 18418 chunks (31.71%), ETA: 0:15:45, Rate: 42.0 cps, Current: -36, -28
[23:24:34 INFO]: [Chunky] Task running for world. Processed: 18433 chunks (31.74%), ETA: 0:16:15, Rate: 40.6 cps, Current: -62, 0
[23:24:35 INFO]: [Chunky] Task running for world. Processed: 18480 chunks (31.82%), ETA: 0:16:12, Rate: 40.7 cps, Current: -57, 1
[23:24:36 INFO]: [Chunky] Task running for world. Processed: 18542 chunks (31.92%), ETA: 0:15:44, Rate: 41.8 cps, Current: -49, 2
[23:24:37 INFO]: [Chunky] Task running for world. Processed: 18590 chunks (32.01%), ETA: 0:16:01, Rate: 41.1 cps, Current: -52, 12
[23:24:38 INFO]: [Chunky] Task running for world. Processed: 18630 chunks (32.08%), ETA: 0:15:34, Rate: 42.2 cps, Current: -50, 15
[23:24:39 INFO]: [Chunky] Task running for world. Processed: 18665 chunks (32.14%), ETA: 0:15:38, Rate: 42.0 cps, Current: -63, 9
[23:24:40 INFO]: [Chunky] Task running for world. Processed: 18707 chunks (32.21%), ETA: 0:15:39, Rate: 41.9 cps, Current: -59, 19
[23:24:41 INFO]: [Chunky] Task running for world. Processed: 18743 chunks (32.27%), ETA: 0:15:50, Rate: 41.4 cps, Current: -64, 21
[23:24:42 INFO]: [Chunky] Task running for world. Processed: 18791 chunks (32.35%), ETA: 0:15:38, Rate: 41.9 cps, Current: -64, 29
[23:24:43 INFO]: [Chunky] Task running for world. Processed: 18842 chunks (32.44%), ETA: 0:15:18, Rate: 42.7 cps, Current: -53, 26
[23:24:44 INFO]: [Chunky] Task running for world. Processed: 18910 chunks (32.56%), ETA: 0:14:56, Rate: 43.7 cps, Current: -49, 25
[23:24:45 INFO]: [Chunky] Task running for world. Processed: 18951 chunks (32.63%), ETA: 0:14:57, Rate: 43.6 cps, Current: -46, 18
[23:24:47 INFO]: [Chunky] Task running for world. Processed: 19008 chunks (32.73%), ETA: 0:14:38, Rate: 44.5 cps, Current: -41, 20
[23:24:48 INFO]: [Chunky] Task running for world. Processed: 19057 chunks (32.81%), ETA: 0:14:20, Rate: 45.3 cps, Current: -41, 25
[23:24:49 INFO]: [Chunky] Task running for world. Processed: 19137 chunks (32.95%), ETA: 0:13:58, Rate: 46.4 cps, Current: -33, 23
[23:24:50 INFO]: [Chunky] Task running for world. Processed: 19209 chunks (33.07%), ETA: 0:13:41, Rate: 47.3 cps, Current: -33, 9
[23:24:51 INFO]: [Chunky] Task running for world. Processed: 19266 chunks (33.17%), ETA: 0:13:25, Rate: 48.2 cps, Current: -43, 14
[23:24:52 INFO]: [Chunky] Task running for world. Processed: 19329 chunks (33.28%), ETA: 0:13:17, Rate: 48.6 cps, Current: -41, 7
[23:24:54 INFO]: [Chunky] Task running for world. Processed: 19457 chunks (33.50%), ETA: 0:12:40, Rate: 50.8 cps, Current: -62, 32
[23:24:55 INFO]: [Chunky] Task running for world. Processed: 19531 chunks (33.63%), ETA: 0:12:26, Rate: 51.6 cps, Current: -54, 33
[23:24:56 INFO]: [Chunky] Task running for world. Processed: 19587 chunks (33.72%), ETA: 0:12:15, Rate: 52.3 cps, Current: -49, 36
[23:24:57 INFO]: [Chunky] Task running for world. Processed: 19621 chunks (33.78%), ETA: 0:12:39, Rate: 50.6 cps, Current: -53, 45
[23:24:58 INFO]: [Chunky] Task running for world. Processed: 19646 chunks (33.83%), ETA: 0:12:56, Rate: 49.5 cps, Current: -54, 47
[23:24:59 INFO]: [Chunky] Task running for world. Processed: 19686 chunks (33.89%), ETA: 0:12:52, Rate: 49.7 cps, Current: -64, 41
[23:25:00 INFO]: [Chunky] Task running for world. Processed: 19724 chunks (33.96%), ETA: 0:12:55, Rate: 49.5 cps, Current: -58, 49
[23:25:02 INFO]: [Chunky] Task running for world. Processed: 19764 chunks (34.03%), ETA: 0:13:05, Rate: 48.8 cps, Current: -57, 53
[23:25:03 INFO]: [Chunky] Task running for world. Processed: 19812 chunks (34.11%), ETA: 0:13:36, Rate: 46.9 cps, Current: -64, 59
[23:25:04 INFO]: [Chunky] Task running for world. Processed: 19859 chunks (34.19%), ETA: 0:13:10, Rate: 48.4 cps, Current: -54, 61
[23:25:05 INFO]: [Chunky] Task running for world. Processed: 19902 chunks (34.27%), ETA: 0:13:11, Rate: 48.2 cps, Current: -50, 57
[23:25:06 INFO]: [Chunky] Task running for world. Processed: 19972 chunks (34.39%), ETA: 0:13:07, Rate: 48.4 cps, Current: -48, 51
[23:25:07 INFO]: [Chunky] Task running for world. Processed: 20043 chunks (34.51%), ETA: 0:12:53, Rate: 49.2 cps, Current: -47, 58
[23:25:08 INFO]: [Chunky] Task running for world. Processed: 20092 chunks (34.59%), ETA: 0:12:48, Rate: 49.5 cps, Current: -39, 56
[23:25:09 INFO]: [Chunky] Task running for world. Processed: 20205 chunks (34.79%), ETA: 0:12:06, Rate: 52.1 cps, Current: -33, 50
[23:25:10 INFO]: [Chunky] Task running for world. Processed: 20270 chunks (34.90%), ETA: 0:11:52, Rate: 53.0 cps, Current: -42, 47
[23:25:11 INFO]: [Chunky] Task running for world. Processed: 20361 chunks (35.06%), ETA: 0:11:26, Rate: 54.9 cps, Current: -48, 38
[23:25:12 INFO]: [Chunky] Task running for world. Processed: 20481 chunks (35.26%), ETA: 0:11:05, Rate: 56.5 cps, Current: -62, 64
[23:25:13 INFO]: [Chunky] Task running for world. Processed: 20531 chunks (35.35%), ETA: 0:11:11, Rate: 56.0 cps, Current: -64, 67
[23:25:14 INFO]: [Chunky] Task running for world. Processed: 20592 chunks (35.45%), ETA: 0:11:08, Rate: 56.1 cps, Current: -50, 68
[23:25:15 INFO]: [Chunky] Task running for world. Processed: 20639 chunks (35.53%), ETA: 0:11:04, Rate: 56.3 cps, Current: -50, 75
[23:25:17 INFO]: [Chunky] Task running for world. Processed: 20694 chunks (35.63%), ETA: 0:11:01, Rate: 56.5 cps, Current: -55, 79
[23:25:18 INFO]: [Chunky] Task running for world. Processed: 20747 chunks (35.72%), ETA: 0:11:04, Rate: 56.2 cps, Current: -64, 76
[23:25:19 INFO]: [Chunky] Task running for world. Processed: 20778 chunks (35.77%), ETA: 0:11:20, Rate: 54.8 cps, Current: -59, 86
[23:25:20 INFO]: [Chunky] Task running for world. Processed: 20799 chunks (35.81%), ETA: 0:11:41, Rate: 53.1 cps, Current: -63, 88
[23:25:21 INFO]: [Chunky] Task running for world. Processed: 20829 chunks (35.86%), ETA: 0:11:52, Rate: 52.3 cps, Current: -59, 89
[23:25:22 INFO]: [Chunky] Task running for world. Processed: 20876 chunks (35.94%), ETA: 0:11:56, Rate: 51.9 cps, Current: -55, 91
[23:25:23 INFO]: [Chunky] Task running for world. Processed: 20915 chunks (36.01%), ETA: 0:12:16, Rate: 50.5 cps, Current: -51, 87
[23:25:24 INFO]: [Chunky] Task running for world. Processed: 20995 chunks (36.15%), ETA: 0:12:15, Rate: 50.4 cps, Current: -48, 82
[23:25:25 INFO]: [Chunky] Task running for world. Processed: 21038 chunks (36.22%), ETA: 0:12:21, Rate: 49.9 cps, Current: -45, 80
[23:25:26 INFO]: [Chunky] Task running for world. Processed: 21096 chunks (36.32%), ETA: 0:12:06, Rate: 50.9 cps, Current: -43, 91
[23:25:27 INFO]: [Chunky] Task running for world. Processed: 21135 chunks (36.39%), ETA: 0:12:13, Rate: 50.4 cps, Current: -38, 88
[23:25:28 INFO]: [Chunky] Task running for world. Processed: 21164 chunks (36.44%), ETA: 0:12:10, Rate: 50.5 cps, Current: -38, 95
[23:25:29 INFO]: [Chunky] Task running for world. Processed: 21210 chunks (36.52%), ETA: 0:12:07, Rate: 50.7 cps, Current: -40, 80
[23:25:30 INFO]: [Chunky] Task running for world. Processed: 21244 chunks (36.58%), ETA: 0:12:09, Rate: 50.5 cps, Current: -35, 79
[23:25:31 INFO]: [Chunky] Task running for world. Processed: 21283 chunks (36.64%), ETA: 0:12:05, Rate: 50.7 cps, Current: -33, 77
[23:25:33 INFO]: [Chunky] Task running for world. Processed: 21363 chunks (36.78%), ETA: 0:11:49, Rate: 51.7 cps, Current: -41, 73
[23:25:34 INFO]: [Chunky] Task running for world. Processed: 21475 chunks (36.97%), ETA: 0:11:19, Rate: 53.9 cps, Current: -34, 71
[23:25:35 INFO]: [Chunky] Task running for world. Processed: 21545 chunks (37.09%), ETA: 0:11:07, Rate: 54.7 cps, Current: -31, 71
[23:25:36 INFO]: [Chunky] Task running for world. Processed: 21595 chunks (37.18%), ETA: 0:11:13, Rate: 54.2 cps, Current: -17, 65
[23:25:37 INFO]: [Chunky] Task running for world. Processed: 21647 chunks (37.27%), ETA: 0:11:21, Rate: 53.5 cps, Current: -21, 74
[23:25:38 INFO]: [Chunky] Task running for world. Processed: 21680 chunks (37.33%), ETA: 0:11:26, Rate: 53.0 cps, Current: -19, 78
[23:25:39 INFO]: [Chunky] Task running for world. Processed: 21761 chunks (37.47%), ETA: 0:11:41, Rate: 51.8 cps, Current: -32, 80
[23:25:40 INFO]: [Chunky] Task running for world. Processed: 21804 chunks (37.54%), ETA: 0:11:51, Rate: 51.0 cps, Current: -32, 87
[23:25:41 INFO]: [Chunky] Task running for world. Processed: 21857 chunks (37.63%), ETA: 0:12:08, Rate: 49.7 cps, Current: -30, 94
[23:25:42 INFO]: [Chunky] Task running for world. Processed: 21900 chunks (37.71%), ETA: 0:12:33, Rate: 48.0 cps, Current: -23, 92
[23:25:43 INFO]: [Chunky] Task running for world. Processed: 21934 chunks (37.76%), ETA: 0:12:45, Rate: 47.2 cps, Current: -18, 94
[23:25:44 INFO]: [Chunky] Task running for world. Processed: 22017 chunks (37.91%), ETA: 0:12:38, Rate: 47.5 cps, Current: -16, 80
[23:25:45 INFO]: [Chunky] Task running for world. Processed: 22049 chunks (37.96%), ETA: 0:12:45, Rate: 47.0 cps, Current: -12, 81
[23:25:47 INFO]: [Chunky] Task running for world. Processed: 22102 chunks (38.05%), ETA: 0:12:46, Rate: 47.0 cps, Current: -14, 93
[23:25:48 INFO]: [Chunky] Task running for world. Processed: 22149 chunks (38.13%), ETA: 0:12:47, Rate: 46.8 cps, Current: -7, 90
[23:25:49 INFO]: [Chunky] Task running for world. Processed: 22186 chunks (38.20%), ETA: 0:12:43, Rate: 47.0 cps, Current: -3, 90
[23:25:50 INFO]: [Chunky] Task running for world. Processed: 22242 chunks (38.29%), ETA: 0:12:21, Rate: 48.3 cps, Current: -1, 85
[23:25:51 INFO]: [Chunky] Task running for world. Processed: 22269 chunks (38.34%), ETA: 0:12:24, Rate: 48.1 cps, Current: -3, 78
[23:25:52 INFO]: [Chunky] Task running for world. Processed: 22307 chunks (38.41%), ETA: 0:12:28, Rate: 47.8 cps, Current: -1, 77
[23:25:53 INFO]: [Chunky] Task running for world. Processed: 22388 chunks (38.55%), ETA: 0:12:05, Rate: 49.2 cps, Current: -15, 73
[23:25:54 INFO]: [Chunky] Task running for world. Processed: 22478 chunks (38.70%), ETA: 0:11:52, Rate: 50.0 cps, Current: -7, 66
[23:25:55 INFO]: [Chunky] Task running for world. Processed: 22558 chunks (38.84%), ETA: 0:11:33, Rate: 51.3 cps, Current: 4, 67
[23:25:56 INFO]: [Chunky] Task running for world. Processed: 22586 chunks (38.89%), ETA: 0:11:46, Rate: 50.2 cps, Current: 12, 64
[23:25:57 INFO]: [Chunky] Task running for world. Processed: 22625 chunks (38.95%), ETA: 0:11:45, Rate: 50.3 cps, Current: 9, 69
[23:25:58 INFO]: [Chunky] Task running for world. Processed: 22654 chunks (39.00%), ETA: 0:11:45, Rate: 50.2 cps, Current: 8, 72
[23:25:59 INFO]: [Chunky] Task running for world. Processed: 22687 chunks (39.06%), ETA: 0:11:44, Rate: 50.2 cps, Current: 12, 76
[23:26:00 INFO]: [Chunky] Task running for world. Processed: 22727 chunks (39.13%), ETA: 0:11:47, Rate: 50.0 cps, Current: 15, 78
[23:26:01 INFO]: [Chunky] Task running for world. Processed: 22797 chunks (39.25%), ETA: 0:11:29, Rate: 51.2 cps, Current: 2, 81
[23:26:02 INFO]: [Chunky] Task running for world. Processed: 22850 chunks (39.34%), ETA: 0:11:28, Rate: 51.1 cps, Current: 7, 83
[23:26:03 INFO]: [Chunky] Task running for world. Processed: 22898 chunks (39.42%), ETA: 0:11:52, Rate: 49.4 cps, Current: 7, 89
[23:26:04 INFO]: [Chunky] Task running for world. Processed: 22934 chunks (39.49%), ETA: 0:12:17, Rate: 47.6 cps, Current: 12, 93
[23:26:05 INFO]: [Chunky] Task running for world. Processed: 22971 chunks (39.55%), ETA: 0:12:27, Rate: 47.0 cps, Current: 14, 89
[23:26:06 INFO]: [Chunky] Task running for world. Processed: 23043 chunks (39.67%), ETA: 0:12:19, Rate: 47.4 cps, Current: 16, 82
[23:26:07 INFO]: [Chunky] Task running for world. Processed: 23090 chunks (39.75%), ETA: 0:12:15, Rate: 47.6 cps, Current: 17, 87
[23:26:08 INFO]: [Chunky] Task running for world. Processed: 23147 chunks (39.85%), ETA: 0:12:13, Rate: 47.7 cps, Current: 23, 88
[23:26:09 INFO]: [Chunky] Task running for world. Processed: 23183 chunks (39.91%), ETA: 0:12:28, Rate: 46.6 cps, Current: 26, 91
[23:26:10 INFO]: [Chunky] Task running for world. Processed: 23218 chunks (39.98%), ETA: 0:12:32, Rate: 46.3 cps, Current: 29, 87
[23:26:12 INFO]: [Chunky] Task running for world. Processed: 23276 chunks (40.08%), ETA: 0:12:26, Rate: 46.6 cps, Current: 28, 83
[23:26:13 INFO]: [Chunky] Task running for world. Processed: 23300 chunks (40.12%), ETA: 0:12:35, Rate: 46.1 cps, Current: 29, 76
[23:26:14 INFO]: [Chunky] Task running for world. Processed: 23335 chunks (40.18%), ETA: 0:12:37, Rate: 45.9 cps, Current: 31, 75
[23:26:15 INFO]: [Chunky] Task running for world. Processed: 23419 chunks (40.32%), ETA: 0:12:26, Rate: 46.4 cps, Current: 17, 72
[23:26:16 INFO]: [Chunky] Task running for world. Processed: 23523 chunks (40.50%), ETA: 0:11:52, Rate: 48.5 cps, Current: 30, 71
[23:26:17 INFO]: [Chunky] Task running for world. Processed: 23565 chunks (40.57%), ETA: 0:11:56, Rate: 48.1 cps, Current: 33, 66
[23:26:18 INFO]: [Chunky] Task running for world. Processed: 23615 chunks (40.66%), ETA: 0:11:51, Rate: 48.4 cps, Current: 45, 64
[23:26:19 INFO]: [Chunky] Task running for world. Processed: 23663 chunks (40.74%), ETA: 0:11:47, Rate: 48.6 cps, Current: 46, 68
[23:26:20 INFO]: [Chunky] Task running for world. Processed: 23710 chunks (40.82%), ETA: 0:11:35, Rate: 49.4 cps, Current: 44, 76
[23:26:21 INFO]: [Chunky] Task running for world. Processed: 23770 chunks (40.93%), ETA: 0:11:31, Rate: 49.6 cps, Current: 32, 73
[23:26:22 INFO]: [Chunky] Task running for world. Processed: 23834 chunks (41.04%), ETA: 0:11:24, Rate: 50.1 cps, Current: 35, 84
[23:26:23 INFO]: [Chunky] Task running for world. Processed: 23885 chunks (41.12%), ETA: 0:11:33, Rate: 49.3 cps, Current: 38, 87
[23:26:24 INFO]: [Chunky] Task running for world. Processed: 23930 chunks (41.20%), ETA: 0:12:06, Rate: 47.0 cps, Current: 39, 90
[23:26:25 INFO]: [Chunky] Task running for world. Processed: 23967 chunks (41.26%), ETA: 0:12:10, Rate: 46.7 cps, Current: 45, 93
[23:26:26 INFO]: [Chunky] Task running for world. Processed: 24025 chunks (41.36%), ETA: 0:11:55, Rate: 47.6 cps, Current: 47, 91
[23:26:27 INFO]: [Chunky] Task running for world. Processed: 24068 chunks (41.44%), ETA: 0:11:45, Rate: 48.2 cps, Current: 48, 83
[23:26:28 INFO]: [Chunky] Task running for world. Processed: 24113 chunks (41.52%), ETA: 0:11:39, Rate: 48.6 cps, Current: 48, 89
[23:26:29 INFO]: [Chunky] Task running for world. Processed: 24170 chunks (41.61%), ETA: 0:11:48, Rate: 47.8 cps, Current: 53, 93
[23:26:30 INFO]: [Chunky] Task running for world. Processed: 24206 chunks (41.68%), ETA: 0:11:54, Rate: 47.4 cps, Current: 55, 95
[23:26:32 INFO]: [Chunky] Task running for world. Processed: 24240 chunks (41.73%), ETA: 0:12:03, Rate: 46.8 cps, Current: 62, 93
[23:26:33 INFO]: [Chunky] Task running for world. Processed: 24296 chunks (41.83%), ETA: 0:11:54, Rate: 47.3 cps, Current: 57, 81
[23:26:34 INFO]: [Chunky] Task running for world. Processed: 24322 chunks (41.88%), ETA: 0:11:57, Rate: 47.1 cps, Current: 60, 79
[23:26:35 INFO]: [Chunky] Task running for world. Processed: 24371 chunks (41.96%), ETA: 0:12:09, Rate: 46.2 cps, Current: 56, 79
[23:26:36 INFO]: [Chunky] Task running for world. Processed: 24443 chunks (42.08%), ETA: 0:11:44, Rate: 47.8 cps, Current: 49, 72
[23:26:37 INFO]: [Chunky] Task running for world. Processed: 24563 chunks (42.29%), ETA: 0:11:12, Rate: 49.8 cps, Current: 62, 64
[23:26:38 INFO]: [Chunky] Task running for world. Processed: 24618 chunks (42.39%), ETA: 0:11:07, Rate: 50.1 cps, Current: 70, 64
[23:26:39 INFO]: [Chunky] Task running for world. Processed: 24649 chunks (42.44%), ETA: 0:11:09, Rate: 50.0 cps, Current: 70, 71
[23:26:40 INFO]: [Chunky] Task running for world. Processed: 24698 chunks (42.52%), ETA: 0:11:05, Rate: 50.1 cps, Current: 79, 68
[23:26:41 INFO]: [Chunky] Task running for world. Processed: 24746 chunks (42.61%), ETA: 0:11:05, Rate: 50.1 cps, Current: 79, 74
[23:26:42 INFO]: [Chunky] Task running for world. Processed: 24833 chunks (42.76%), ETA: 0:10:40, Rate: 51.9 cps, Current: 64, 81
[23:26:43 INFO]: [Chunky] Task running for world. Processed: 24887 chunks (42.85%), ETA: 0:10:33, Rate: 52.4 cps, Current: 65, 87
[23:26:44 INFO]: [Chunky] Task running for world. Processed: 24932 chunks (42.93%), ETA: 0:10:43, Rate: 51.5 cps, Current: 68, 93
[23:26:45 INFO]: [Chunky] Task running for world. Processed: 24974 chunks (43.00%), ETA: 0:11:08, Rate: 49.5 cps, Current: 71, 95
[23:26:46 INFO]: [Chunky] Task running for world. Processed: 25011 chunks (43.06%), ETA: 0:11:11, Rate: 49.3 cps, Current: 77, 87
[23:26:47 INFO]: [Chunky] Task running for world. Processed: 25090 chunks (43.20%), ETA: 0:10:57, Rate: 50.2 cps, Current: 80, 81
[23:26:48 INFO]: [Chunky] Task running for world. Processed: 25127 chunks (43.26%), ETA: 0:11:03, Rate: 49.7 cps, Current: 86, 84
[23:26:49 INFO]: [Chunky] Task running for world. Processed: 25177 chunks (43.35%), ETA: 0:10:58, Rate: 50.0 cps, Current: 83, 91
[23:26:50 INFO]: [Chunky] Task running for world. Processed: 25225 chunks (43.43%), ETA: 0:11:02, Rate: 49.6 cps, Current: 88, 93
[23:26:51 INFO]: [Chunky] Task running for world. Processed: 25259 chunks (43.49%), ETA: 0:11:16, Rate: 48.5 cps, Current: 93, 90
[23:26:52 INFO]: [Chunky] Task running for world. Processed: 25317 chunks (43.59%), ETA: 0:11:12, Rate: 48.7 cps, Current: 93, 84
[23:26:54 INFO]: [Chunky] Task running for world. Processed: 25346 chunks (43.64%), ETA: 0:11:18, Rate: 48.2 cps, Current: 95, 82
[23:26:55 INFO]: [Chunky] Task running for world. Processed: 25401 chunks (43.73%), ETA: 0:11:08, Rate: 48.9 cps, Current: 80, 79
[23:26:56 INFO]: [Chunky] Task running for world. Processed: 25481 chunks (43.87%), ETA: 0:10:56, Rate: 49.6 cps, Current: 80, 70
[23:26:57 INFO]: [Chunky] Task running for world. Processed: 25587 chunks (44.05%), ETA: 0:10:26, Rate: 51.8 cps, Current: 94, 70
[23:26:58 INFO]: [Chunky] Task running for world. Processed: 25643 chunks (44.15%), ETA: 0:10:20, Rate: 52.3 cps, Current: 97, 74
[23:26:59 INFO]: [Chunky] Task running for world. Processed: 25696 chunks (44.24%), ETA: 0:10:20, Rate: 52.2 cps, Current: 98, 95
[23:27:00 INFO]: [Chunky] Task running for world. Processed: 25752 chunks (44.34%), ETA: 0:10:12, Rate: 52.8 cps, Current: 100, 87
[23:27:01 INFO]: [Chunky] Task running for world. Processed: 25807 chunks (44.43%), ETA: 0:10:02, Rate: 53.6 cps, Current: 102, 78
[23:27:02 INFO]: [Chunky] Task running for world. Processed: 25852 chunks (44.51%), ETA: 0:10:04, Rate: 53.3 cps, Current: 103, 91
[23:27:03 INFO]: [Chunky] Task running for world. Processed: 25889 chunks (44.57%), ETA: 0:09:59, Rate: 53.7 cps, Current: 105, 68
[23:27:04 INFO]: [Chunky] Task running for world. Processed: 25937 chunks (44.66%), ETA: 0:09:59, Rate: 53.6 cps, Current: 106, 80
[23:27:05 INFO]: [Chunky] Task running for world. Processed: 25973 chunks (44.72%), ETA: 0:10:12, Rate: 52.4 cps, Current: 107, 84
[23:27:06 INFO]: [Chunky] Task running for world. Processed: 26030 chunks (44.82%), ETA: 0:10:35, Rate: 50.4 cps, Current: 109, 77
[23:27:07 INFO]: [Chunky] Task running for world. Processed: 26080 chunks (44.90%), ETA: 0:10:35, Rate: 50.3 cps, Current: 110, 95
[23:27:08 INFO]: [Chunky] Task running for world. Processed: 26136 chunks (45.00%), ETA: 0:10:24, Rate: 51.1 cps, Current: 112, 87
[23:27:09 INFO]: [Chunky] Task running for world. Processed: 26198 chunks (45.11%), ETA: 0:10:18, Rate: 51.6 cps, Current: 114, 85
[23:27:10 INFO]: [Chunky] Task running for world. Processed: 26241 chunks (45.18%), ETA: 0:10:18, Rate: 51.5 cps, Current: 116, 75
[23:27:11 INFO]: [Chunky] Task running for world. Processed: 26301 chunks (45.28%), ETA: 0:10:24, Rate: 50.9 cps, Current: 117, 92
[23:27:12 INFO]: [Chunky] Task running for world. Processed: 26361 chunks (45.39%), ETA: 0:10:20, Rate: 51.1 cps, Current: 119, 88
[23:27:13 INFO]: [Chunky] Task running for world. Processed: 26390 chunks (45.44%), ETA: 0:10:31, Rate: 50.2 cps, Current: 120, 85
[23:27:14 INFO]: [Chunky] Task running for world. Processed: 26419 chunks (45.49%), ETA: 0:10:37, Rate: 49.7 cps, Current: 96, 50
[23:27:15 INFO]: [Chunky] Task running for world. Processed: 26492 chunks (45.61%), ETA: 0:10:23, Rate: 50.7 cps, Current: 98, 58
[23:27:16 INFO]: [Chunky] Task running for world. Processed: 26561 chunks (45.73%), ETA: 0:10:13, Rate: 51.4 cps, Current: 101, 38
[23:27:18 INFO]: [Chunky] Task running for world. Processed: 26625 chunks (45.84%), ETA: 0:10:18, Rate: 50.8 cps, Current: 103, 36
[23:27:19 INFO]: [Chunky] Task running for world. Processed: 26689 chunks (45.95%), ETA: 0:10:09, Rate: 51.5 cps, Current: 105, 37
[23:27:20 INFO]: [Chunky] Task running for world. Processed: 26753 chunks (46.06%), ETA: 0:10:05, Rate: 51.7 cps, Current: 107, 37
[23:27:21 INFO]: [Chunky] Task running for world. Processed: 26817 chunks (46.17%), ETA: 0:09:52, Rate: 52.7 cps, Current: 109, 37
[23:27:22 INFO]: [Chunky] Task running for world. Processed: 26876 chunks (46.27%), ETA: 0:09:52, Rate: 52.6 cps, Current: 110, 56
[23:27:23 INFO]: [Chunky] Task running for world. Processed: 26933 chunks (46.37%), ETA: 0:09:43, Rate: 53.3 cps, Current: 112, 52
[23:27:24 INFO]: [Chunky] Task running for world. Processed: 26977 chunks (46.45%), ETA: 0:09:48, Rate: 52.8 cps, Current: 114, 33
[23:27:25 INFO]: [Chunky] Task running for world. Processed: 27036 chunks (46.55%), ETA: 0:09:53, Rate: 52.3 cps, Current: 115, 56
[23:27:26 INFO]: [Chunky] Task running for world. Processed: 27093 chunks (46.65%), ETA: 0:10:12, Rate: 50.6 cps, Current: 117, 52
[23:27:27 INFO]: [Chunky] Task running for world. Processed: 27154 chunks (46.75%), ETA: 0:10:09, Rate: 50.7 cps, Current: 119, 49
[23:27:29 INFO]: [Chunky] Task running for world. Processed: 27188 chunks (46.81%), ETA: 0:10:19, Rate: 49.9 cps, Current: 120, 51
[23:27:30 INFO]: [Chunky] Task running for world. Processed: 27219 chunks (46.86%), ETA: 0:10:30, Rate: 49.0 cps, Current: 96, 18
[23:27:31 INFO]: [Chunky] Task running for world. Processed: 27284 chunks (46.98%), ETA: 0:10:24, Rate: 49.3 cps, Current: 98, 19
[23:27:32 INFO]: [Chunky] Task running for world. Processed: 27329 chunks (47.05%), ETA: 0:10:23, Rate: 49.3 cps, Current: 100, 1
[23:27:33 INFO]: [Chunky] Task running for world. Processed: 27400 chunks (47.18%), ETA: 0:10:07, Rate: 50.5 cps, Current: 102, 7
[23:27:34 INFO]: [Chunky] Task running for world. Processed: 27465 chunks (47.29%), ETA: 0:09:59, Rate: 51.1 cps, Current: 104, 8
[23:27:35 INFO]: [Chunky] Task running for world. Processed: 27534 chunks (47.41%), ETA: 0:09:46, Rate: 52.1 cps, Current: 106, 13
[23:27:36 INFO]: [Chunky] Task running for world. Processed: 27585 chunks (47.49%), ETA: 0:09:47, Rate: 51.9 cps, Current: 108, 2
[23:27:37 INFO]: [Chunky] Task running for world. Processed: 27632 chunks (47.57%), ETA: 0:09:50, Rate: 51.6 cps, Current: 109, 31
[23:27:38 INFO]: [Chunky] Task running for world. Processed: 27681 chunks (47.66%), ETA: 0:09:58, Rate: 50.8 cps, Current: 111, 2
[23:27:39 INFO]: [Chunky] Task running for world. Processed: 27745 chunks (47.77%), ETA: 0:09:53, Rate: 51.1 cps, Current: 113, 3
[23:27:40 INFO]: [Chunky] Task running for world. Processed: 27796 chunks (47.86%), ETA: 0:09:56, Rate: 50.8 cps, Current: 114, 3
[23:27:41 INFO]: [Chunky] Task running for world. Processed: 27848 chunks (47.95%), ETA: 0:09:58, Rate: 50.5 cps, Current: 116, 18
[23:27:42 INFO]: [Chunky] Task running for world. Processed: 27914 chunks (48.06%), ETA: 0:09:40, Rate: 52.0 cps, Current: 118, 18
[23:27:44 INFO]: [Chunky] Task running for world. Processed: 27969 chunks (48.16%), ETA: 0:09:30, Rate: 52.8 cps, Current: 120, 10
[23:27:45 INFO]: [Chunky] Task running for world. Processed: 28001 chunks (48.21%), ETA: 0:09:51, Rate: 50.9 cps, Current: 96, -16
[23:27:46 INFO]: [Chunky] Task running for world. Processed: 28058 chunks (48.31%), ETA: 0:09:55, Rate: 50.5 cps, Current: 97, -8
[23:27:47 INFO]: [Chunky] Task running for world. Processed: 28125 chunks (48.42%), ETA: 0:09:47, Rate: 51.0 cps, Current: 99, -7
[23:27:48 INFO]: [Chunky] Task running for world. Processed: 28181 chunks (48.52%), ETA: 0:09:48, Rate: 50.8 cps, Current: 101, -12
[23:27:49 INFO]: [Chunky] Task running for world. Processed: 28245 chunks (48.63%), ETA: 0:09:48, Rate: 50.7 cps, Current: 103, -12
[23:27:50 INFO]: [Chunky] Task running for world. Processed: 28316 chunks (48.75%), ETA: 0:09:39, Rate: 51.4 cps, Current: 105, -8
[23:27:51 INFO]: [Chunky] Task running for world. Processed: 28374 chunks (48.85%), ETA: 0:09:38, Rate: 51.4 cps, Current: 107, -11
[23:27:52 INFO]: [Chunky] Task running for world. Processed: 28435 chunks (48.96%), ETA: 0:09:35, Rate: 51.5 cps, Current: 109, -14
[23:27:53 INFO]: [Chunky] Task running for world. Processed: 28484 chunks (49.04%), ETA: 0:09:31, Rate: 51.8 cps, Current: 111, -23
[23:27:55 INFO]: [Chunky] Task running for world. Processed: 28545 chunks (49.15%), ETA: 0:09:29, Rate: 51.9 cps, Current: 113, -29
[23:27:56 INFO]: [Chunky] Task running for world. Processed: 28609 chunks (49.26%), ETA: 0:09:27, Rate: 51.9 cps, Current: 115, -28
[23:27:57 INFO]: [Chunky] Task running for world. Processed: 28673 chunks (49.37%), ETA: 0:09:17, Rate: 52.7 cps, Current: 117, -31
[23:27:58 INFO]: [Chunky] Task running for world. Processed: 28737 chunks (49.48%), ETA: 0:09:17, Rate: 52.6 cps, Current: 119, -29
[23:27:59 INFO]: [Chunky] Task running for world. Processed: 28776 chunks (49.54%), ETA: 0:09:10, Rate: 53.2 cps, Current: 120, -25
[23:28:01 INFO]: [Chunky] Task running for world. Processed: 28801 chunks (49.59%), ETA: 0:09:31, Rate: 51.3 cps, Current: 96, -48
[23:28:02 INFO]: [Chunky] Task running for world. Processed: 28865 chunks (49.70%), ETA: 0:09:28, Rate: 51.4 cps, Current: 98, -47
[23:28:03 INFO]: [Chunky] Task running for world. Processed: 28929 chunks (49.81%), ETA: 0:09:37, Rate: 50.4 cps, Current: 100, -47
[23:28:04 INFO]: [Chunky] Task running for world. Processed: 28993 chunks (49.92%), ETA: 0:09:41, Rate: 50.0 cps, Current: 102, -48
[23:28:05 INFO]: [Chunky] Task running for world. Processed: 29054 chunks (50.02%), ETA: 0:09:35, Rate: 50.5 cps, Current: 103, -39
[23:28:06 INFO]: [Chunky] Task running for world. Processed: 29112 chunks (50.12%), ETA: 0:09:31, Rate: 50.7 cps, Current: 105, -41
[23:28:07 INFO]: [Chunky] Task running for world. Processed: 29139 chunks (50.17%), ETA: 0:09:35, Rate: 50.3 cps, Current: 106, -51
[23:28:08 INFO]: [Chunky] Task running for world. Processed: 29196 chunks (50.27%), ETA: 0:09:33, Rate: 50.4 cps, Current: 108, -53
[23:28:09 INFO]: [Chunky] Task running for world. Processed: 29261 chunks (50.38%), ETA: 0:09:27, Rate: 50.8 cps, Current: 110, -52
[23:28:10 INFO]: [Chunky] Task running for world. Processed: 29319 chunks (50.48%), ETA: 0:09:22, Rate: 51.1 cps, Current: 112, -58
[23:28:11 INFO]: [Chunky] Task running for world. Processed: 29377 chunks (50.58%), ETA: 0:09:22, Rate: 51.1 cps, Current: 114, -60
[23:28:13 INFO]: [Chunky] Task running for world. Processed: 29441 chunks (50.69%), ETA: 0:09:25, Rate: 50.6 cps, Current: 116, -61
[23:28:14 INFO]: [Chunky] Task running for world. Processed: 29500 chunks (50.79%), ETA: 0:09:08, Rate: 52.1 cps, Current: 117, -39
[23:28:15 INFO]: [Chunky] Task running for world. Processed: 29552 chunks (50.88%), ETA: 0:09:07, Rate: 52.1 cps, Current: 119, -49
[23:28:16 INFO]: [Chunky] Task running for world. Processed: 29585 chunks (50.94%), ETA: 0:09:12, Rate: 51.5 cps, Current: 120, -48
[23:28:17 INFO]: [Chunky] Task running for world. Processed: 29601 chunks (50.97%), ETA: 0:09:48, Rate: 48.4 cps, Current: 96, -65
[23:28:19 INFO]: [Chunky] Task running for world. Processed: 29603 chunks (50.97%), ETA: 0:10:23, Rate: 45.7 cps, Current: 96, -67
[23:28:20 INFO]: [Chunky] Task running for world. Processed: 29687 chunks (51.11%), ETA: 0:10:14, Rate: 46.2 cps, Current: 98, -75
[23:28:21 INFO]: [Chunky] Task running for world. Processed: 29753 chunks (51.23%), ETA: 0:10:08, Rate: 46.5 cps, Current: 100, -72
[23:28:22 INFO]: [Chunky] Task running for world. Processed: 29821 chunks (51.34%), ETA: 0:10:04, Rate: 46.8 cps, Current: 102, -70
[23:28:23 INFO]: [Chunky] Task running for world. Processed: 29885 chunks (51.45%), ETA: 0:09:56, Rate: 47.3 cps, Current: 104, -68
[23:28:24 INFO]: [Chunky] Task running for world. Processed: 29953 chunks (51.57%), ETA: 0:09:54, Rate: 47.4 cps, Current: 107, -91
[23:28:25 INFO]: [Chunky] Task running for world. Processed: 30017 chunks (51.68%), ETA: 0:09:51, Rate: 47.4 cps, Current: 109, -91
[23:28:26 INFO]: [Chunky] Task running for world. Processed: 30081 chunks (51.79%), ETA: 0:09:47, Rate: 47.7 cps, Current: 111, -91
[23:28:27 INFO]: [Chunky] Task running for world. Processed: 30145 chunks (51.90%), ETA: 0:09:41, Rate: 48.0 cps, Current: 113, -90
[23:28:29 INFO]: [Chunky] Task running for world. Processed: 30209 chunks (52.01%), ETA: 0:09:29, Rate: 48.9 cps, Current: 115, -89
[23:28:30 INFO]: [Chunky] Task running for world. Processed: 30273 chunks (52.12%), ETA: 0:09:24, Rate: 49.2 cps, Current: 117, -86
[23:28:31 INFO]: [Chunky] Task running for world. Processed: 30324 chunks (52.21%), ETA: 0:09:09, Rate: 50.5 cps, Current: 118, -77
[23:28:32 INFO]: [Chunky] Task running for world. Processed: 30369 chunks (52.29%), ETA: 0:09:17, Rate: 49.7 cps, Current: 120, -85
[23:28:34 INFO]: [Chunky] Task running for world. Processed: 30401 chunks (52.34%), ETA: 0:09:43, Rate: 47.4 cps, Current: 66, -93
[23:28:35 INFO]: [Chunky] Task running for world. Processed: 30439 chunks (52.41%), ETA: 0:09:52, Rate: 46.7 cps, Current: 68, -94
[23:28:36 INFO]: [Chunky] Task running for world. Processed: 30466 chunks (52.45%), ETA: 0:10:03, Rate: 45.8 cps, Current: 73, -94
[23:28:37 INFO]: [Chunky] Task running for world. Processed: 30523 chunks (52.55%), ETA: 0:09:49, Rate: 46.7 cps, Current: 75, -89
[23:28:38 INFO]: [Chunky] Task running for world. Processed: 30566 chunks (52.63%), ETA: 0:09:54, Rate: 46.3 cps, Current: 73, -84
[23:28:39 INFO]: [Chunky] Task running for world. Processed: 30622 chunks (52.72%), ETA: 0:09:57, Rate: 45.9 cps, Current: 70, -81
[23:28:40 INFO]: [Chunky] Task running for world. Processed: 30666 chunks (52.80%), ETA: 0:10:02, Rate: 45.5 cps, Current: 64, -85
[23:28:41 INFO]: [Chunky] Task running for world. Processed: 30697 chunks (52.85%), ETA: 0:10:13, Rate: 44.6 cps, Current: 65, -76
[23:28:42 INFO]: [Chunky] Task running for world. Processed: 30745 chunks (52.93%), ETA: 0:10:17, Rate: 44.3 cps, Current: 64, -73
[23:28:43 INFO]: [Chunky] Task running for world. Processed: 30816 chunks (53.06%), ETA: 0:10:09, Rate: 44.7 cps, Current: 79, -65
[23:28:44 INFO]: [Chunky] Task running for world. Processed: 30894 chunks (53.19%), ETA: 0:09:55, Rate: 45.7 cps, Current: 77, -76
[23:28:45 INFO]: [Chunky] Task running for world. Processed: 30922 chunks (53.24%), ETA: 0:09:57, Rate: 45.4 cps, Current: 81, -80
[23:28:46 INFO]: [Chunky] Task running for world. Processed: 30971 chunks (53.32%), ETA: 0:09:28, Rate: 47.7 cps, Current: 86, -80
[23:28:47 INFO]: [Chunky] Task running for world. Processed: 31035 chunks (53.43%), ETA: 0:09:22, Rate: 48.1 cps, Current: 87, -71
[23:28:48 INFO]: [Chunky] Task running for world. Processed: 31141 chunks (53.62%), ETA: 0:08:34, Rate: 52.3 cps, Current: 95, -77
[23:28:49 INFO]: [Chunky] Task running for world. Processed: 31201 chunks (53.72%), ETA: 0:08:41, Rate: 51.5 cps, Current: 92, -86
[23:28:50 INFO]: [Chunky] Task running for world. Processed: 31277 chunks (53.85%), ETA: 0:08:36, Rate: 51.8 cps, Current: 81, -86
[23:28:51 INFO]: [Chunky] Task running for world. Processed: 31334 chunks (53.95%), ETA: 0:08:38, Rate: 51.6 cps, Current: 84, -92
[23:28:53 INFO]: [Chunky] Task running for world. Processed: 31418 chunks (54.09%), ETA: 0:08:32, Rate: 52.0 cps, Current: 89, -96
[23:28:54 INFO]: [Chunky] Task running for world. Processed: 31425 chunks (54.11%), ETA: 0:09:11, Rate: 48.4 cps, Current: 34, -91
[23:28:55 INFO]: [Chunky] Task running for world. Processed: 31450 chunks (54.15%), ETA: 0:09:25, Rate: 47.1 cps, Current: 35, -96
[23:28:56 INFO]: [Chunky] Task running for world. Processed: 31485 chunks (54.21%), ETA: 0:09:38, Rate: 46.0 cps, Current: 39, -95
[23:28:57 INFO]: [Chunky] Task running for world. Processed: 31513 chunks (54.26%), ETA: 0:09:52, Rate: 44.8 cps, Current: 46, -95
[23:28:58 INFO]: [Chunky] Task running for world. Processed: 31564 chunks (54.34%), ETA: 0:09:55, Rate: 44.5 cps, Current: 41, -86
[23:29:00 INFO]: [Chunky] Task running for world. Processed: 31603 chunks (54.41%), ETA: 0:09:56, Rate: 44.4 cps, Current: 42, -82
[23:29:01 INFO]: [Chunky] Task running for world. Processed: 31664 chunks (54.52%), ETA: 0:09:49, Rate: 44.8 cps, Current: 34, -84
[23:29:02 INFO]: [Chunky] Task running for world. Processed: 31698 chunks (54.58%), ETA: 0:09:26, Rate: 46.6 cps, Current: 38, -78
[23:29:03 INFO]: [Chunky] Task running for world. Processed: 31729 chunks (54.63%), ETA: 0:09:33, Rate: 46.0 cps, Current: 34, -74
[23:29:04 INFO]: [Chunky] Task running for world. Processed: 31795 chunks (54.74%), ETA: 0:09:23, Rate: 46.6 cps, Current: 39, -72
[23:29:05 INFO]: [Chunky] Task running for world. Processed: 31853 chunks (54.84%), ETA: 0:09:14, Rate: 47.3 cps, Current: 45, -69
[23:29:06 INFO]: [Chunky] Task running for world. Processed: 31930 chunks (54.97%), ETA: 0:08:53, Rate: 49.0 cps, Current: 47, -74
[23:29:07 INFO]: [Chunky] Task running for world. Processed: 31968 chunks (55.04%), ETA: 0:09:00, Rate: 48.3 cps, Current: 53, -79
[23:29:08 INFO]: [Chunky] Task running for world. Processed: 32033 chunks (55.15%), ETA: 0:08:50, Rate: 49.1 cps, Current: 52, -65
[23:29:09 INFO]: [Chunky] Task running for world. Processed: 32129 chunks (55.32%), ETA: 0:08:34, Rate: 50.4 cps, Current: 63, -73
[23:29:10 INFO]: [Chunky] Task running for world. Processed: 32208 chunks (55.45%), ETA: 0:08:21, Rate: 51.6 cps, Current: 61, -82
[23:29:11 INFO]: [Chunky] Task running for world. Processed: 32264 chunks (55.55%), ETA: 0:08:13, Rate: 52.4 cps, Current: 56, -83
[23:29:12 INFO]: [Chunky] Task running for world. Processed: 32338 chunks (55.68%), ETA: 0:08:03, Rate: 53.3 cps, Current: 49, -91
[23:29:13 INFO]: [Chunky] Task running for world. Processed: 32398 chunks (55.78%), ETA: 0:08:05, Rate: 52.9 cps, Current: 58, -90
[23:29:15 INFO]: [Chunky] Task running for world. Processed: 32449 chunks (55.87%), ETA: 0:08:18, Rate: 51.4 cps, Current: 2, -91
[23:29:16 INFO]: [Chunky] Task running for world. Processed: 32484 chunks (55.93%), ETA: 0:08:22, Rate: 50.9 cps, Current: 0, -94
[23:29:17 INFO]: [Chunky] Task running for world. Processed: 32514 chunks (55.98%), ETA: 0:08:33, Rate: 49.8 cps, Current: 9, -94
[23:29:18 INFO]: [Chunky] Task running for world. Processed: 32567 chunks (56.07%), ETA: 0:08:50, Rate: 48.1 cps, Current: 15, -93
[23:29:19 INFO]: [Chunky] Task running for world. Processed: 32611 chunks (56.15%), ETA: 0:08:54, Rate: 47.6 cps, Current: 11, -84
[23:29:20 INFO]: [Chunky] Task running for world. Processed: 32670 chunks (56.25%), ETA: 0:08:59, Rate: 47.1 cps, Current: 6, -81
[23:29:21 INFO]: [Chunky] Task running for world. Processed: 32716 chunks (56.33%), ETA: 0:09:03, Rate: 46.7 cps, Current: 6, -79
[23:29:22 INFO]: [Chunky] Task running for world. Processed: 32746 chunks (56.38%), ETA: 0:09:22, Rate: 45.1 cps, Current: 2, -75
[23:29:23 INFO]: [Chunky] Task running for world. Processed: 32763 chunks (56.41%), ETA: 0:09:01, Rate: 46.7 cps, Current: 0, -65
[23:29:24 INFO]: [Chunky] Task running for world. Processed: 32856 chunks (56.57%), ETA: 0:08:42, Rate: 48.3 cps, Current: 10, -70
[23:29:25 INFO]: [Chunky] Task running for world. Processed: 32931 chunks (56.70%), ETA: 0:08:23, Rate: 49.9 cps, Current: 12, -80
[23:29:26 INFO]: [Chunky] Task running for world. Processed: 32975 chunks (56.77%), ETA: 0:08:19, Rate: 50.2 cps, Current: 18, -79
[23:29:27 INFO]: [Chunky] Task running for world. Processed: 33041 chunks (56.89%), ETA: 0:08:07, Rate: 51.4 cps, Current: 18, -72
[23:29:28 INFO]: [Chunky] Task running for world. Processed: 33137 chunks (57.05%), ETA: 0:07:52, Rate: 52.8 cps, Current: 31, -70
[23:29:29 INFO]: [Chunky] Task running for world. Processed: 33227 chunks (57.21%), ETA: 0:07:34, Rate: 54.7 cps, Current: 30, -83
[23:29:30 INFO]: [Chunky] Task running for world. Processed: 33299 chunks (57.33%), ETA: 0:07:29, Rate: 55.1 cps, Current: 24, -84
[23:29:31 INFO]: [Chunky] Task running for world. Processed: 33378 chunks (57.47%), ETA: 0:07:17, Rate: 56.4 cps, Current: 18, -94
[23:29:32 INFO]: [Chunky] Task running for world. Processed: 33466 chunks (57.62%), ETA: 0:07:02, Rate: 58.3 cps, Current: 25, -96
[23:29:34 INFO]: [Chunky] Task running for world. Processed: 33473 chunks (57.63%), ETA: 0:07:22, Rate: 55.6 cps, Current: -30, -91
[23:29:35 INFO]: [Chunky] Task running for world. Processed: 33529 chunks (57.73%), ETA: 0:07:30, Rate: 54.5 cps, Current: -28, -95
[23:29:36 INFO]: [Chunky] Task running for world. Processed: 33571 chunks (57.80%), ETA: 0:07:28, Rate: 54.6 cps, Current: -18, -93
[23:29:37 INFO]: [Chunky] Task running for world. Processed: 33618 chunks (57.88%), ETA: 0:07:33, Rate: 53.9 cps, Current: -17, -88
[23:29:38 INFO]: [Chunky] Task running for world. Processed: 33658 chunks (57.95%), ETA: 0:07:48, Rate: 52.1 cps, Current: -17, -84
[23:29:39 INFO]: [Chunky] Task running for world. Processed: 33715 chunks (58.05%), ETA: 0:07:54, Rate: 51.4 cps, Current: -30, -83
[23:29:40 INFO]: [Chunky] Task running for world. Processed: 33748 chunks (58.11%), ETA: 0:07:59, Rate: 50.7 cps, Current: -27, -77
[23:29:41 INFO]: [Chunky] Task running for world. Processed: 33777 chunks (58.15%), ETA: 0:08:14, Rate: 49.2 cps, Current: -30, -74
[23:29:42 INFO]: [Chunky] Task running for world. Processed: 33845 chunks (58.27%), ETA: 0:08:10, Rate: 49.4 cps, Current: -26, -66
[23:29:43 INFO]: [Chunky] Task running for world. Processed: 33901 chunks (58.37%), ETA: 0:07:55, Rate: 50.8 cps, Current: -21, -72
[23:29:44 INFO]: [Chunky] Task running for world. Processed: 33980 chunks (58.50%), ETA: 0:07:45, Rate: 51.8 cps, Current: -17, -75
[23:29:46 INFO]: [Chunky] Task running for world. Processed: 34005 chunks (58.55%), ETA: 0:07:48, Rate: 51.4 cps, Current: -14, -76
[23:29:47 INFO]: [Chunky] Task running for world. Processed: 34051 chunks (58.63%), ETA: 0:07:41, Rate: 52.0 cps, Current: -15, -70
[23:29:48 INFO]: [Chunky] Task running for world. Processed: 34115 chunks (58.74%), ETA: 0:07:37, Rate: 52.4 cps, Current: -8, -70
[23:29:49 INFO]: [Chunky] Task running for world. Processed: 34234 chunks (58.94%), ETA: 0:07:15, Rate: 54.7 cps, Current: -1, -80
[23:29:50 INFO]: [Chunky] Task running for world. Processed: 34303 chunks (59.06%), ETA: 0:07:12, Rate: 55.0 cps, Current: -9, -82
[23:29:51 INFO]: [Chunky] Task running for world. Processed: 34384 chunks (59.20%), ETA: 0:07:01, Rate: 56.2 cps, Current: -16, -92
[23:29:52 INFO]: [Chunky] Task running for world. Processed: 34455 chunks (59.32%), ETA: 0:06:49, Rate: 57.6 cps, Current: -6, -93
[23:29:55 INFO]: [Chunky] Task running for world. Processed: 34497 chunks (59.39%), ETA: 0:07:28, Rate: 52.6 cps, Current: -62, -91
[23:29:56 INFO]: [Chunky] Task running for world. Processed: 34527 chunks (59.45%), ETA: 0:07:33, Rate: 52.0 cps, Current: -64, -94
[23:29:57 INFO]: [Chunky] Task running for world. Processed: 34560 chunks (59.50%), ETA: 0:07:41, Rate: 50.9 cps, Current: -56, -93
[23:29:58 INFO]: [Chunky] Task running for world. Processed: 34607 chunks (59.58%), ETA: 0:07:57, Rate: 49.1 cps, Current: -52, -96
[23:29:59 INFO]: [Chunky] Task running for world. Processed: 34640 chunks (59.64%), ETA: 0:08:17, Rate: 47.1 cps, Current: -53, -86
[23:30:01 INFO]: [Chunky] Task running for world. Processed: 34675 chunks (59.70%), ETA: 0:08:33, Rate: 45.6 cps, Current: -57, -83
[23:30:02 INFO]: [Chunky] Task running for world. Processed: 34719 chunks (59.78%), ETA: 0:08:44, Rate: 44.6 cps, Current: -60, -86
[23:30:03 INFO]: [Chunky] Task running for world. Processed: 34749 chunks (59.83%), ETA: 0:09:08, Rate: 42.6 cps, Current: -57, -80
[23:30:04 INFO]: [Chunky] Task running for world. Processed: 34784 chunks (59.89%), ETA: 0:08:48, Rate: 44.1 cps, Current: -60, -76
[23:30:05 INFO]: [Chunky] Task running for world. Processed: 34804 chunks (59.92%), ETA: 0:09:04, Rate: 42.8 cps, Current: -57, -75
[23:30:06 INFO]: [Chunky] Task running for world. Processed: 34851 chunks (60.00%), ETA: 0:08:59, Rate: 43.0 cps, Current: -60, -66
[23:30:07 INFO]: [Chunky] Task running for world. Processed: 34908 chunks (60.10%), ETA: 0:08:52, Rate: 43.5 cps, Current: -53, -66
[23:30:08 INFO]: [Chunky] Task running for world. Processed: 34952 chunks (60.18%), ETA: 0:08:50, Rate: 43.6 cps, Current: -56, -77
[23:30:09 INFO]: [Chunky] Task running for world. Processed: 35010 chunks (60.28%), ETA: 0:08:48, Rate: 43.7 cps, Current: -48, -79
[23:30:10 INFO]: [Chunky] Task running for world. Processed: 35046 chunks (60.34%), ETA: 0:08:46, Rate: 43.7 cps, Current: -42, -77
[23:30:11 INFO]: [Chunky] Task running for world. Processed: 35099 chunks (60.43%), ETA: 0:08:35, Rate: 44.6 cps, Current: -45, -66
[23:30:12 INFO]: [Chunky] Task running for world. Processed: 35185 chunks (60.58%), ETA: 0:08:26, Rate: 45.2 cps, Current: -33, -70
[23:30:13 INFO]: [Chunky] Task running for world. Processed: 35270 chunks (60.73%), ETA: 0:08:12, Rate: 46.3 cps, Current: -33, -86
[23:30:14 INFO]: [Chunky] Task running for world. Processed: 35327 chunks (60.82%), ETA: 0:08:20, Rate: 45.5 cps, Current: -41, -82
[23:30:15 INFO]: [Chunky] Task running for world. Processed: 35393 chunks (60.94%), ETA: 0:08:04, Rate: 46.8 cps, Current: -41, -89
[23:30:16 INFO]: [Chunky] Task running for world. Processed: 35453 chunks (61.04%), ETA: 0:07:58, Rate: 47.3 cps, Current: -40, -94
[23:30:19 INFO]: [Chunky] Task running for world. Processed: 35521 chunks (61.16%), ETA: 0:08:57, Rate: 41.9 cps, Current: -94, -91
[23:30:21 INFO]: [Chunky] Task running for world. Processed: 35577 chunks (61.25%), ETA: 0:09:20, Rate: 40.2 cps, Current: -92, -95
[23:30:22 INFO]: [Chunky] Task running for world. Processed: 35603 chunks (61.30%), ETA: 0:09:37, Rate: 38.9 cps, Current: -84, -92
[23:30:23 INFO]: [Chunky] Task running for world. Processed: 35643 chunks (61.37%), ETA: 0:09:00, Rate: 41.5 cps, Current: -81, -92
[23:30:24 INFO]: [Chunky] Task running for world. Processed: 35680 chunks (61.43%), ETA: 0:09:02, Rate: 41.3 cps, Current: -84, -83
[23:30:25 INFO]: [Chunky] Task running for world. Processed: 35733 chunks (61.52%), ETA: 0:08:56, Rate: 41.7 cps, Current: -92, -87
[23:30:26 INFO]: [Chunky] Task running for world. Processed: 35778 chunks (61.60%), ETA: 0:08:47, Rate: 42.3 cps, Current: -93, -79
[23:30:27 INFO]: [Chunky] Task running for world. Processed: 35815 chunks (61.66%), ETA: 0:08:45, Rate: 42.4 cps, Current: -89, -77
[23:30:28 INFO]: [Chunky] Task running for world. Processed: 35840 chunks (61.71%), ETA: 0:08:54, Rate: 41.6 cps, Current: -94, -72
[23:30:29 INFO]: [Chunky] Task running for world. Processed: 35870 chunks (61.76%), ETA: 0:08:53, Rate: 41.6 cps, Current: -91, -71
[23:30:30 INFO]: [Chunky] Task running for world. Processed: 35912 chunks (61.83%), ETA: 0:08:49, Rate: 41.9 cps, Current: -87, -70
[23:30:31 INFO]: [Chunky] Task running for world. Processed: 35947 chunks (61.89%), ETA: 0:08:50, Rate: 41.7 cps, Current: -83, -70
[23:30:32 INFO]: [Chunky] Task running for world. Processed: 36023 chunks (62.02%), ETA: 0:08:30, Rate: 43.2 cps, Current: -82, -76
[23:30:33 INFO]: [Chunky] Task running for world. Processed: 36041 chunks (62.05%), ETA: 0:08:33, Rate: 42.9 cps, Current: -77, -78
[23:30:34 INFO]: [Chunky] Task running for world. Processed: 36084 chunks (62.13%), ETA: 0:08:26, Rate: 43.4 cps, Current: -76, -80
[23:30:35 INFO]: [Chunky] Task running for world. Processed: 36133 chunks (62.21%), ETA: 0:08:19, Rate: 43.9 cps, Current: -75, -71
[23:30:36 INFO]: [Chunky] Task running for world. Processed: 36164 chunks (62.26%), ETA: 0:08:22, Rate: 43.6 cps, Current: -70, -71
[23:30:37 INFO]: [Chunky] Task running for world. Processed: 36230 chunks (62.38%), ETA: 0:08:13, Rate: 44.3 cps, Current: -72, -73
[23:30:38 INFO]: [Chunky] Task running for world. Processed: 36292 chunks (62.49%), ETA: 0:08:15, Rate: 43.9 cps, Current: -65, -84
[23:30:39 INFO]: [Chunky] Task running for world. Processed: 36330 chunks (62.55%), ETA: 0:08:12, Rate: 44.2 cps, Current: -71, -81
[23:30:40 INFO]: [Chunky] Task running for world. Processed: 36411 chunks (62.69%), ETA: 0:07:55, Rate: 45.5 cps, Current: -79, -88
[23:30:41 INFO]: [Chunky] Task running for world. Processed: 36463 chunks (62.78%), ETA: 0:07:57, Rate: 45.3 cps, Current: -74, -93
[23:30:42 INFO]: [Chunky] Task running for world. Processed: 36538 chunks (62.91%), ETA: 0:08:09, Rate: 44.0 cps, Current: -71, -96
[23:30:43 INFO]: [Chunky] Task running for world. Processed: 36547 chunks (62.92%), ETA: 0:08:26, Rate: 42.5 cps, Current: -93, -64
[23:30:44 INFO]: [Chunky] Task running for world. Processed: 36578 chunks (62.98%), ETA: 0:08:43, Rate: 41.1 cps, Current: -90, -64
[23:30:45 INFO]: [Chunky] Task running for world. Processed: 36599 chunks (63.01%), ETA: 0:08:59, Rate: 39.8 cps, Current: -86, -64
[23:30:46 INFO]: [Chunky] Task running for world. Processed: 36646 chunks (63.09%), ETA: 0:09:14, Rate: 38.7 cps, Current: -86, -59
[23:30:47 INFO]: [Chunky] Task running for world. Processed: 36687 chunks (63.17%), ETA: 0:08:35, Rate: 41.5 cps, Current: -85, -54
[23:30:48 INFO]: [Chunky] Task running for world. Processed: 36718 chunks (63.22%), ETA: 0:08:40, Rate: 41.0 cps, Current: -87, -51
[23:30:49 INFO]: [Chunky] Task running for world. Processed: 36759 chunks (63.29%), ETA: 0:08:38, Rate: 41.1 cps, Current: -87, -49
[23:30:50 INFO]: [Chunky] Task running for world. Processed: 36794 chunks (63.35%), ETA: 0:08:40, Rate: 40.9 cps, Current: -95, -52
[23:30:51 INFO]: [Chunky] Task running for world. Processed: 36830 chunks (63.41%), ETA: 0:08:36, Rate: 41.2 cps, Current: -91, -44
[23:30:52 INFO]: [Chunky] Task running for world. Processed: 36855 chunks (63.45%), ETA: 0:08:42, Rate: 40.6 cps, Current: -96, -43
[23:30:54 INFO]: [Chunky] Task running for world. Processed: 36894 chunks (63.52%), ETA: 0:08:41, Rate: 40.6 cps, Current: -96, -38
[23:30:55 INFO]: [Chunky] Task running for world. Processed: 36945 chunks (63.61%), ETA: 0:08:42, Rate: 40.4 cps, Current: -88, -34
[23:30:56 INFO]: [Chunky] Task running for world. Processed: 36985 chunks (63.68%), ETA: 0:08:46, Rate: 40.1 cps, Current: -82, -38
[23:30:57 INFO]: [Chunky] Task running for world. Processed: 37059 chunks (63.81%), ETA: 0:08:30, Rate: 41.2 cps, Current: -80, -46
[23:30:58 INFO]: [Chunky] Task running for world. Processed: 37103 chunks (63.88%), ETA: 0:08:21, Rate: 41.9 cps, Current: -77, -48
[23:30:59 INFO]: [Chunky] Task running for world. Processed: 37154 chunks (63.97%), ETA: 0:08:10, Rate: 42.7 cps, Current: -75, -40
[23:31:00 INFO]: [Chunky] Task running for world. Processed: 37180 chunks (64.01%), ETA: 0:08:14, Rate: 42.3 cps, Current: -71, -40
[23:31:01 INFO]: [Chunky] Task running for world. Processed: 37228 chunks (64.10%), ETA: 0:08:24, Rate: 41.3 cps, Current: -70, -34
[23:31:02 INFO]: [Chunky] Task running for world. Processed: 37299 chunks (64.22%), ETA: 0:08:02, Rate: 43.1 cps, Current: -65, -47
[23:31:03 INFO]: [Chunky] Task running for world. Processed: 37354 chunks (64.31%), ETA: 0:07:58, Rate: 43.4 cps, Current: -71, -49
[23:31:04 INFO]: [Chunky] Task running for world. Processed: 37434 chunks (64.45%), ETA: 0:07:45, Rate: 44.3 cps, Current: -73, -56
[23:31:05 INFO]: [Chunky] Task running for world. Processed: 37511 chunks (64.58%), ETA: 0:07:29, Rate: 45.8 cps, Current: -72, -61
[23:31:07 INFO]: [Chunky] Task running for world. Processed: 37569 chunks (64.68%), ETA: 0:07:50, Rate: 43.6 cps, Current: -94, -32
[23:31:08 INFO]: [Chunky] Task running for world. Processed: 37613 chunks (64.76%), ETA: 0:07:49, Rate: 43.6 cps, Current: -96, -30
[23:31:09 INFO]: [Chunky] Task running for world. Processed: 37675 chunks (64.87%), ETA: 0:07:55, Rate: 42.9 cps, Current: -82, -29
[23:31:10 INFO]: [Chunky] Task running for world. Processed: 37703 chunks (64.91%), ETA: 0:08:03, Rate: 42.1 cps, Current: -86, -22
[23:31:12 INFO]: [Chunky] Task running for world. Processed: 37723 chunks (64.95%), ETA: 0:08:25, Rate: 40.2 cps, Current: -81, -19
[23:31:13 INFO]: [Chunky] Task running for world. Processed: 37764 chunks (65.02%), ETA: 0:08:11, Rate: 41.3 cps, Current: -91, -20
[23:31:14 INFO]: [Chunky] Task running for world. Processed: 37813 chunks (65.10%), ETA: 0:08:03, Rate: 41.9 cps, Current: -96, -23
[23:31:15 INFO]: [Chunky] Task running for world. Processed: 37845 chunks (65.16%), ETA: 0:07:58, Rate: 42.3 cps, Current: -90, -14
[23:31:16 INFO]: [Chunky] Task running for world. Processed: 37875 chunks (65.21%), ETA: 0:08:04, Rate: 41.7 cps, Current: -95, -11
[23:31:17 INFO]: [Chunky] Task running for world. Processed: 37904 chunks (65.26%), ETA: 0:08:08, Rate: 41.3 cps, Current: -96, -7
[23:31:18 INFO]: [Chunky] Task running for world. Processed: 37946 chunks (65.33%), ETA: 0:08:03, Rate: 41.7 cps, Current: -92, -1
[23:31:19 INFO]: [Chunky] Task running for world. Processed: 37987 chunks (65.40%), ETA: 0:08:02, Rate: 41.7 cps, Current: -83, -4
[23:31:20 INFO]: [Chunky] Task running for world. Processed: 38047 chunks (65.51%), ETA: 0:07:52, Rate: 42.4 cps, Current: -86, -12
[23:31:21 INFO]: [Chunky] Task running for world. Processed: 38084 chunks (65.57%), ETA: 0:07:50, Rate: 42.5 cps, Current: -80, -13
[23:31:22 INFO]: [Chunky] Task running for world. Processed: 38127 chunks (65.64%), ETA: 0:07:42, Rate: 43.2 cps, Current: -80, -9
[23:31:23 INFO]: [Chunky] Task running for world. Processed: 38171 chunks (65.72%), ETA: 0:07:38, Rate: 43.4 cps, Current: -79, -1
[23:31:24 INFO]: [Chunky] Task running for world. Processed: 38205 chunks (65.78%), ETA: 0:07:42, Rate: 42.9 cps, Current: -73, -5
[23:31:25 INFO]: [Chunky] Task running for world. Processed: 38274 chunks (65.90%), ETA: 0:07:30, Rate: 44.0 cps, Current: -65, -10
[23:31:26 INFO]: [Chunky] Task running for world. Processed: 38330 chunks (65.99%), ETA: 0:07:35, Rate: 43.3 cps, Current: -65, -16
[23:31:27 INFO]: [Chunky] Task running for world. Processed: 38370 chunks (66.06%), ETA: 0:07:33, Rate: 43.5 cps, Current: -68, -22
[23:31:28 INFO]: [Chunky] Task running for world. Processed: 38419 chunks (66.15%), ETA: 0:07:31, Rate: 43.5 cps, Current: -72, -20
[23:31:29 INFO]: [Chunky] Task running for world. Processed: 38473 chunks (66.24%), ETA: 0:07:20, Rate: 44.5 cps, Current: -80, -26
[23:31:30 INFO]: [Chunky] Task running for world. Processed: 38534 chunks (66.35%), ETA: 0:07:16, Rate: 44.7 cps, Current: -72, -30
[23:31:32 INFO]: [Chunky] Task running for world. Processed: 38593 chunks (66.45%), ETA: 0:07:27, Rate: 43.5 cps, Current: -94, 0
[23:31:33 INFO]: [Chunky] Task running for world. Processed: 38637 chunks (66.52%), ETA: 0:07:31, Rate: 43.1 cps, Current: -96, 2
[23:31:34 INFO]: [Chunky] Task running for world. Processed: 38698 chunks (66.63%), ETA: 0:07:37, Rate: 42.4 cps, Current: -88, 6
[23:31:35 INFO]: [Chunky] Task running for world. Processed: 38735 chunks (66.69%), ETA: 0:07:50, Rate: 41.1 cps, Current: -85, 10
[23:31:36 INFO]: [Chunky] Task running for world. Processed: 38756 chunks (66.73%), ETA: 0:07:51, Rate: 41.0 cps, Current: -86, 12
[23:31:37 INFO]: [Chunky] Task running for world. Processed: 38796 chunks (66.80%), ETA: 0:07:50, Rate: 41.0 cps, Current: -84, 15
[23:31:38 INFO]: [Chunky] Task running for world. Processed: 38836 chunks (66.87%), ETA: 0:07:48, Rate: 41.1 cps, Current: -94, 14
[23:31:39 INFO]: [Chunky] Task running for world. Processed: 38867 chunks (66.92%), ETA: 0:08:01, Rate: 39.9 cps, Current: -96, 14
[23:31:41 INFO]: [Chunky] Task running for world. Processed: 38900 chunks (66.98%), ETA: 0:07:54, Rate: 40.4 cps, Current: -89, 21
[23:31:42 INFO]: [Chunky] Task running for world. Processed: 38940 chunks (67.04%), ETA: 0:07:53, Rate: 40.4 cps, Current: -91, 24
[23:31:43 INFO]: [Chunky] Task running for world. Processed: 38976 chunks (67.11%), ETA: 0:07:57, Rate: 40.0 cps, Current: -89, 30
[23:31:44 INFO]: [Chunky] Task running for world. Processed: 39007 chunks (67.16%), ETA: 0:07:56, Rate: 40.0 cps, Current: -83, 29
[23:31:45 INFO]: [Chunky] Task running for world. Processed: 39053 chunks (67.24%), ETA: 0:07:49, Rate: 40.6 cps, Current: -88, 18
[23:31:46 INFO]: [Chunky] Task running for world. Processed: 39107 chunks (67.33%), ETA: 0:07:39, Rate: 41.3 cps, Current: -80, 18
[23:31:47 INFO]: [Chunky] Task running for world. Processed: 39150 chunks (67.41%), ETA: 0:07:39, Rate: 41.2 cps, Current: -80, 23
[23:31:48 INFO]: [Chunky] Task running for world. Processed: 39202 chunks (67.50%), ETA: 0:07:33, Rate: 41.6 cps, Current: -77, 29
[23:31:49 INFO]: [Chunky] Task running for world. Processed: 39231 chunks (67.55%), ETA: 0:07:43, Rate: 40.7 cps, Current: -73, 27
[23:31:50 INFO]: [Chunky] Task running for world. Processed: 39333 chunks (67.72%), ETA: 0:07:16, Rate: 43.0 cps, Current: -71, 19
[23:31:51 INFO]: [Chunky] Task running for world. Processed: 39387 chunks (67.81%), ETA: 0:07:11, Rate: 43.4 cps, Current: -69, 15
[23:31:52 INFO]: [Chunky] Task running for world. Processed: 39441 chunks (67.91%), ETA: 0:07:06, Rate: 43.7 cps, Current: -80, 12
[23:31:53 INFO]: [Chunky] Task running for world. Processed: 39515 chunks (68.03%), ETA: 0:06:51, Rate: 45.1 cps, Current: -74, 6
[23:31:55 INFO]: [Chunky] Task running for world. Processed: 39617 chunks (68.21%), ETA: 0:06:51, Rate: 44.9 cps, Current: -95, 32
[23:31:56 INFO]: [Chunky] Task running for world. Processed: 39661 chunks (68.29%), ETA: 0:06:53, Rate: 44.6 cps, Current: -96, 34
[23:31:57 INFO]: [Chunky] Task running for world. Processed: 39699 chunks (68.35%), ETA: 0:06:57, Rate: 44.0 cps, Current: -85, 34
[23:31:58 INFO]: [Chunky] Task running for world. Processed: 39736 chunks (68.41%), ETA: 0:07:02, Rate: 43.4 cps, Current: -82, 38
[23:31:59 INFO]: [Chunky] Task running for world. Processed: 39763 chunks (68.46%), ETA: 0:07:12, Rate: 42.4 cps, Current: -83, 42
[23:32:00 INFO]: [Chunky] Task running for world. Processed: 39792 chunks (68.51%), ETA: 0:07:13, Rate: 42.2 cps, Current: -83, 46
[23:32:01 INFO]: [Chunky] Task running for world. Processed: 39820 chunks (68.56%), ETA: 0:07:18, Rate: 41.7 cps, Current: -84, 47
[23:32:02 INFO]: [Chunky] Task running for world. Processed: 39848 chunks (68.61%), ETA: 0:07:21, Rate: 41.3 cps, Current: -93, 44
[23:32:03 INFO]: [Chunky] Task running for world. Processed: 39879 chunks (68.66%), ETA: 0:07:31, Rate: 40.3 cps, Current: -96, 44
[23:32:05 INFO]: [Chunky] Task running for world. Processed: 39905 chunks (68.71%), ETA: 0:07:35, Rate: 39.9 cps, Current: -91, 53
[23:32:06 INFO]: [Chunky] Task running for world. Processed: 39925 chunks (68.74%), ETA: 0:07:37, Rate: 39.7 cps, Current: -94, 55
[23:32:07 INFO]: [Chunky] Task running for world. Processed: 39941 chunks (68.77%), ETA: 0:07:46, Rate: 38.9 cps, Current: -95, 58
[23:32:08 INFO]: [Chunky] Task running for world. Processed: 39991 chunks (68.85%), ETA: 0:07:40, Rate: 39.3 cps, Current: -89, 57
[23:32:09 INFO]: [Chunky] Task running for world. Processed: 40030 chunks (68.92%), ETA: 0:07:36, Rate: 39.5 cps, Current: -84, 60
[23:32:10 INFO]: [Chunky] Task running for world. Processed: 40094 chunks (69.03%), ETA: 0:07:19, Rate: 40.9 cps, Current: -81, 57
[23:32:11 INFO]: [Chunky] Task running for world. Processed: 40132 chunks (69.10%), ETA: 0:07:19, Rate: 40.8 cps, Current: -79, 50
[23:32:12 INFO]: [Chunky] Task running for world. Processed: 40179 chunks (69.18%), ETA: 0:07:14, Rate: 41.2 cps, Current: -78, 55
[23:32:13 INFO]: [Chunky] Task running for world. Processed: 40236 chunks (69.28%), ETA: 0:07:03, Rate: 42.1 cps, Current: -72, 56
[23:32:14 INFO]: [Chunky] Task running for world. Processed: 40306 chunks (69.40%), ETA: 0:06:53, Rate: 43.0 cps, Current: -72, 63
[23:32:15 INFO]: [Chunky] Task running for world. Processed: 40387 chunks (69.54%), ETA: 0:06:42, Rate: 43.9 cps, Current: -66, 47
[23:32:16 INFO]: [Chunky] Task running for world. Processed: 40449 chunks (69.64%), ETA: 0:06:35, Rate: 44.6 cps, Current: -75, 46
[23:32:17 INFO]: [Chunky] Task running for world. Processed: 40515 chunks (69.76%), ETA: 0:06:30, Rate: 45.0 cps, Current: -80, 39
[23:32:19 INFO]: [Chunky] Task running for world. Processed: 40641 chunks (69.97%), ETA: 0:06:10, Rate: 47.0 cps, Current: -94, 64
[23:32:20 INFO]: [Chunky] Task running for world. Processed: 40686 chunks (70.05%), ETA: 0:06:25, Rate: 45.1 cps, Current: -89, 64
[23:32:21 INFO]: [Chunky] Task running for world. Processed: 40747 chunks (70.16%), ETA: 0:06:25, Rate: 45.0 cps, Current: -88, 71
[23:32:22 INFO]: [Chunky] Task running for world. Processed: 40788 chunks (70.23%), ETA: 0:06:34, Rate: 43.8 cps, Current: -82, 73
[23:32:23 INFO]: [Chunky] Task running for world. Processed: 40837 chunks (70.31%), ETA: 0:06:38, Rate: 43.3 cps, Current: -81, 79
[23:32:24 INFO]: [Chunky] Task running for world. Processed: 40886 chunks (70.39%), ETA: 0:06:35, Rate: 43.4 cps, Current: -94, 80
[23:32:25 INFO]: [Chunky] Task running for world. Processed: 40927 chunks (70.47%), ETA: 0:06:35, Rate: 43.4 cps, Current: -90, 83
[23:32:26 INFO]: [Chunky] Task running for world. Processed: 40960 chunks (70.52%), ETA: 0:06:35, Rate: 43.3 cps, Current: -94, 88
[23:32:27 INFO]: [Chunky] Task running for world. Processed: 40999 chunks (70.59%), ETA: 0:06:33, Rate: 43.4 cps, Current: -96, 93
[23:32:28 INFO]: [Chunky] Task running for world. Processed: 41045 chunks (70.67%), ETA: 0:06:27, Rate: 44.0 cps, Current: -85, 93
[23:32:29 INFO]: [Chunky] Task running for world. Processed: 41085 chunks (70.74%), ETA: 0:06:22, Rate: 44.5 cps, Current: -83, 86
[23:32:31 INFO]: [Chunky] Task running for world. Processed: 41156 chunks (70.86%), ETA: 0:06:10, Rate: 45.7 cps, Current: -80, 83
[23:32:32 INFO]: [Chunky] Task running for world. Processed: 41203 chunks (70.94%), ETA: 0:06:04, Rate: 46.3 cps, Current: -78, 87
[23:32:33 INFO]: [Chunky] Task running for world. Processed: 41262 chunks (71.04%), ETA: 0:05:55, Rate: 47.3 cps, Current: -78, 95
[23:32:34 INFO]: [Chunky] Task running for world. Processed: 41345 chunks (71.19%), ETA: 0:05:40, Rate: 49.1 cps, Current: -65, 87
[23:32:35 INFO]: [Chunky] Task running for world. Processed: 41424 chunks (71.32%), ETA: 0:05:24, Rate: 51.3 cps, Current: -66, 75
[23:32:36 INFO]: [Chunky] Task running for world. Processed: 41483 chunks (71.42%), ETA: 0:05:14, Rate: 52.8 cps, Current: -80, 77
[23:32:37 INFO]: [Chunky] Task running for world. Processed: 41590 chunks (71.61%), ETA: 0:05:01, Rate: 54.7 cps, Current: -74, 64
[23:32:38 INFO]: [Chunky] Task running for world. Processed: 41665 chunks (71.74%), ETA: 0:04:57, Rate: 55.2 cps, Current: -96, 96
[23:32:40 INFO]: [Chunky] Task running for world. Processed: 41670 chunks (71.74%), ETA: 0:05:08, Rate: 53.2 cps, Current: -94, 97
[23:32:41 INFO]: [Chunky] Task running for world. Processed: 41739 chunks (71.86%), ETA: 0:05:01, Rate: 54.3 cps, Current: -94, 117
[23:32:42 INFO]: [Chunky] Task running for world. Processed: 41795 chunks (71.96%), ETA: 0:04:59, Rate: 54.4 cps, Current: -90, 96
[23:32:43 INFO]: [Chunky] Task running for world. Processed: 41851 chunks (72.06%), ETA: 0:04:59, Rate: 54.2 cps, Current: -88, 99
[23:32:44 INFO]: [Chunky] Task running for world. Processed: 41922 chunks (72.18%), ETA: 0:04:57, Rate: 54.3 cps, Current: -86, 103
[23:32:45 INFO]: [Chunky] Task running for world. Processed: 41979 chunks (72.28%), ETA: 0:05:00, Rate: 53.6 cps, Current: -83, 98
[23:32:46 INFO]: [Chunky] Task running for world. Processed: 42037 chunks (72.38%), ETA: 0:05:00, Rate: 53.5 cps, Current: -81, 103
[23:32:47 INFO]: [Chunky] Task running for world. Processed: 42099 chunks (72.48%), ETA: 0:04:59, Rate: 53.3 cps, Current: -79, 107
[23:32:48 INFO]: [Chunky] Task running for world. Processed: 42157 chunks (72.58%), ETA: 0:05:03, Rate: 52.5 cps, Current: -76, 99
[23:32:49 INFO]: [Chunky] Task running for world. Processed: 42215 chunks (72.68%), ETA: 0:05:01, Rate: 52.6 cps, Current: -75, 114
[23:32:50 INFO]: [Chunky] Task running for world. Processed: 42276 chunks (72.79%), ETA: 0:04:56, Rate: 53.2 cps, Current: -72, 108
[23:32:51 INFO]: [Chunky] Task running for world. Processed: 42333 chunks (72.89%), ETA: 0:04:55, Rate: 53.2 cps, Current: -69, 98
[23:32:52 INFO]: [Chunky] Task running for world. Processed: 42389 chunks (72.98%), ETA: 0:04:51, Rate: 53.8 cps, Current: -68, 115
[23:32:53 INFO]: [Chunky] Task running for world. Processed: 42443 chunks (73.08%), ETA: 0:04:49, Rate: 54.0 cps, Current: -66, 117
[23:32:54 INFO]: [Chunky] Task running for world. Processed: 42495 chunks (73.17%), ETA: 0:04:47, Rate: 54.2 cps, Current: -64, 118
[23:32:55 INFO]: [Chunky] Task running for world. Processed: 42540 chunks (73.24%), ETA: 0:04:45, Rate: 54.5 cps, Current: -62, 113
[23:32:56 INFO]: [Chunky] Task running for world. Processed: 42588 chunks (73.33%), ETA: 0:04:41, Rate: 55.1 cps, Current: -60, 113
[23:32:57 INFO]: [Chunky] Task running for world. Processed: 42629 chunks (73.40%), ETA: 0:04:40, Rate: 55.1 cps, Current: -57, 99
[23:32:58 INFO]: [Chunky] Task running for world. Processed: 42679 chunks (73.48%), ETA: 0:04:38, Rate: 55.3 cps, Current: -55, 98
[23:32:59 INFO]: [Chunky] Task running for world. Processed: 42736 chunks (73.58%), ETA: 0:04:34, Rate: 55.9 cps, Current: -53, 102
[23:33:00 INFO]: [Chunky] Task running for world. Processed: 42798 chunks (73.69%), ETA: 0:04:34, Rate: 55.7 cps, Current: -52, 117
[23:33:01 INFO]: [Chunky] Task running for world. Processed: 42855 chunks (73.78%), ETA: 0:04:31, Rate: 56.1 cps, Current: -48, 97
[23:33:02 INFO]: [Chunky] Task running for world. Processed: 42910 chunks (73.88%), ETA: 0:04:30, Rate: 56.0 cps, Current: -47, 112
[23:33:03 INFO]: [Chunky] Task running for world. Processed: 42968 chunks (73.98%), ETA: 0:04:32, Rate: 55.5 cps, Current: -45, 116
[23:33:04 INFO]: [Chunky] Task running for world. Processed: 43025 chunks (74.08%), ETA: 0:04:35, Rate: 54.7 cps, Current: -41, 96
[23:33:05 INFO]: [Chunky] Task running for world. Processed: 43084 chunks (74.18%), ETA: 0:04:33, Rate: 54.7 cps, Current: -39, 100
[23:33:06 INFO]: [Chunky] Task running for world. Processed: 43140 chunks (74.28%), ETA: 0:04:41, Rate: 53.1 cps, Current: -38, 114
[23:33:07 INFO]: [Chunky] Task running for world. Processed: 43200 chunks (74.38%), ETA: 0:04:38, Rate: 53.4 cps, Current: -35, 106
[23:33:08 INFO]: [Chunky] Task running for world. Processed: 43254 chunks (74.47%), ETA: 0:04:37, Rate: 53.4 cps, Current: -32, 98
[23:33:09 INFO]: [Chunky] Task running for world. Processed: 43307 chunks (74.56%), ETA: 0:04:28, Rate: 55.1 cps, Current: -31, 109
[23:33:10 INFO]: [Chunky] Task running for world. Processed: 43359 chunks (74.65%), ETA: 0:04:30, Rate: 54.5 cps, Current: -28, 100
[23:33:11 INFO]: [Chunky] Task running for world. Processed: 43413 chunks (74.75%), ETA: 0:04:28, Rate: 54.5 cps, Current: -27, 113
[23:33:12 INFO]: [Chunky] Task running for world. Processed: 43464 chunks (74.83%), ETA: 0:04:28, Rate: 54.5 cps, Current: -25, 113
[23:33:13 INFO]: [Chunky] Task running for world. Processed: 43514 chunks (74.92%), ETA: 0:04:30, Rate: 53.8 cps, Current: -23, 114
[23:33:14 INFO]: [Chunky] Task running for world. Processed: 43563 chunks (75.00%), ETA: 0:04:31, Rate: 53.5 cps, Current: -21, 112
[23:33:15 INFO]: [Chunky] Task running for world. Processed: 43607 chunks (75.08%), ETA: 0:04:32, Rate: 53.0 cps, Current: -19, 109
[23:33:16 INFO]: [Chunky] Task running for world. Processed: 43655 chunks (75.16%), ETA: 0:04:34, Rate: 52.5 cps, Current: -17, 108
[23:33:17 INFO]: [Chunky] Task running for world. Processed: 43695 chunks (75.23%), ETA: 0:04:36, Rate: 52.0 cps, Current: -16, 116
[23:33:19 INFO]: [Chunky] Task running for world. Processed: 43743 chunks (75.31%), ETA: 0:04:37, Rate: 51.6 cps, Current: -14, 115
[23:33:20 INFO]: [Chunky] Task running for world. Processed: 43798 chunks (75.41%), ETA: 0:04:38, Rate: 51.4 cps, Current: -12, 118
[23:33:21 INFO]: [Chunky] Task running for world. Processed: 43855 chunks (75.51%), ETA: 0:04:37, Rate: 51.3 cps, Current: -8, 98
[23:33:22 INFO]: [Chunky] Task running for world. Processed: 43909 chunks (75.60%), ETA: 0:04:36, Rate: 51.2 cps, Current: -6, 100
[23:33:23 INFO]: [Chunky] Task running for world. Processed: 43958 chunks (75.68%), ETA: 0:04:37, Rate: 50.9 cps, Current: -4, 99
[23:33:24 INFO]: [Chunky] Task running for world. Processed: 44010 chunks (75.77%), ETA: 0:04:36, Rate: 50.9 cps, Current: -3, 112
[23:33:25 INFO]: [Chunky] Task running for world. Processed: 44061 chunks (75.86%), ETA: 0:04:34, Rate: 51.1 cps, Current: -1, 111
[23:33:26 INFO]: [Chunky] Task running for world. Processed: 44109 chunks (75.94%), ETA: 0:04:33, Rate: 51.2 cps, Current: 2, 100
[23:33:27 INFO]: [Chunky] Task running for world. Processed: 44162 chunks (76.04%), ETA: 0:04:29, Rate: 51.6 cps, Current: 3, 113
[23:33:28 INFO]: [Chunky] Task running for world. Processed: 44220 chunks (76.14%), ETA: 0:04:27, Rate: 51.8 cps, Current: 6, 104
[23:33:29 INFO]: [Chunky] Task running for world. Processed: 44277 chunks (76.23%), ETA: 0:04:26, Rate: 51.8 cps, Current: 8, 107
[23:33:30 INFO]: [Chunky] Task running for world. Processed: 44332 chunks (76.33%), ETA: 0:04:25, Rate: 51.7 cps, Current: 10, 110
[23:33:31 INFO]: [Chunky] Task running for world. Processed: 44374 chunks (76.40%), ETA: 0:04:27, Rate: 51.2 cps, Current: 11, 119
[23:33:32 INFO]: [Chunky] Task running for world. Processed: 44406 chunks (76.46%), ETA: 0:04:32, Rate: 50.3 cps, Current: 14, 99
[23:33:33 INFO]: [Chunky] Task running for world. Processed: 44447 chunks (76.53%), ETA: 0:04:33, Rate: 49.8 cps, Current: 14, 117
[23:33:34 INFO]: [Chunky] Task running for world. Processed: 44491 chunks (76.60%), ETA: 0:04:35, Rate: 49.3 cps, Current: 16, 113
[23:33:35 INFO]: [Chunky] Task running for world. Processed: 44545 chunks (76.69%), ETA: 0:04:35, Rate: 49.1 cps, Current: 19, 106
[23:33:36 INFO]: [Chunky] Task running for world. Processed: 44600 chunks (76.79%), ETA: 0:04:34, Rate: 49.1 cps, Current: 22, 96
[23:33:37 INFO]: [Chunky] Task running for world. Processed: 44652 chunks (76.88%), ETA: 0:04:34, Rate: 48.8 cps, Current: 24, 96
[23:33:38 INFO]: [Chunky] Task running for world. Processed: 44703 chunks (76.97%), ETA: 0:04:34, Rate: 48.7 cps, Current: 24, 120
[23:33:39 INFO]: [Chunky] Task running for world. Processed: 44749 chunks (77.05%), ETA: 0:04:35, Rate: 48.5 cps, Current: 27, 107
[23:33:40 INFO]: [Chunky] Task running for world. Processed: 44792 chunks (77.12%), ETA: 0:04:35, Rate: 48.2 cps, Current: 29, 104
[23:33:41 INFO]: [Chunky] Task running for world. Processed: 44840 chunks (77.20%), ETA: 0:04:35, Rate: 48.0 cps, Current: 30, 114
[23:33:42 INFO]: [Chunky] Task running for world. Processed: 44893 chunks (77.29%), ETA: 0:04:34, Rate: 48.0 cps, Current: 33, 104
[23:33:43 INFO]: [Chunky] Task running for world. Processed: 44947 chunks (77.39%), ETA: 0:04:33, Rate: 48.1 cps, Current: 34, 118
[23:33:44 INFO]: [Chunky] Task running for world. Processed: 44990 chunks (77.46%), ETA: 0:04:33, Rate: 47.8 cps, Current: 37, 103
[23:33:45 INFO]: [Chunky] Task running for world. Processed: 45026 chunks (77.52%), ETA: 0:04:34, Rate: 47.6 cps, Current: 39, 96
[23:33:46 INFO]: [Chunky] Task running for world. Processed: 45061 chunks (77.58%), ETA: 0:04:35, Rate: 47.2 cps, Current: 39, 110
[23:33:47 INFO]: [Chunky] Task running for world. Processed: 45109 chunks (77.67%), ETA: 0:04:33, Rate: 47.4 cps, Current: 42, 100
[23:33:48 INFO]: [Chunky] Task running for world. Processed: 45155 chunks (77.74%), ETA: 0:04:32, Rate: 47.4 cps, Current: 43, 109
[23:33:49 INFO]: [Chunky] Task running for world. Processed: 45205 chunks (77.83%), ETA: 0:04:32, Rate: 47.3 cps, Current: 46, 98
[23:33:50 INFO]: [Chunky] Task running for world. Processed: 45257 chunks (77.92%), ETA: 0:04:32, Rate: 47.0 cps, Current: 48, 99
[23:33:51 INFO]: [Chunky] Task running for world. Processed: 45310 chunks (78.01%), ETA: 0:04:31, Rate: 47.1 cps, Current: 50, 100
[23:33:53 INFO]: [Chunky] Task running for world. Processed: 45364 chunks (78.10%), ETA: 0:04:29, Rate: 47.1 cps, Current: 51, 114
[23:33:54 INFO]: [Chunky] Task running for world. Processed: 45416 chunks (78.19%), ETA: 0:04:28, Rate: 47.1 cps, Current: 54, 103
[23:33:55 INFO]: [Chunky] Task running for world. Processed: 45466 chunks (78.28%), ETA: 0:04:27, Rate: 47.1 cps, Current: 55, 115
[23:33:56 INFO]: [Chunky] Task running for world. Processed: 45517 chunks (78.37%), ETA: 0:04:25, Rate: 47.2 cps, Current: 58, 104
[23:33:57 INFO]: [Chunky] Task running for world. Processed: 45568 chunks (78.46%), ETA: 0:04:25, Rate: 47.2 cps, Current: 59, 116
[23:33:58 INFO]: [Chunky] Task running for world. Processed: 45620 chunks (78.55%), ETA: 0:04:25, Rate: 47.0 cps, Current: 61, 117
[23:33:59 INFO]: [Chunky] Task running for world. Processed: 45671 chunks (78.63%), ETA: 0:04:25, Rate: 46.8 cps, Current: 63, 117
[23:34:00 INFO]: [Chunky] Task running for world. Processed: 45727 chunks (78.73%), ETA: 0:04:24, Rate: 46.8 cps, Current: 65, 120
[23:34:01 INFO]: [Chunky] Task running for world. Processed: 45781 chunks (78.82%), ETA: 0:04:20, Rate: 47.1 cps, Current: 69, 98
[23:34:02 INFO]: [Chunky] Task running for world. Processed: 45832 chunks (78.91%), ETA: 0:04:16, Rate: 47.8 cps, Current: 70, 110
[23:34:03 INFO]: [Chunky] Task running for world. Processed: 45881 chunks (78.99%), ETA: 0:04:14, Rate: 48.0 cps, Current: 72, 109
[23:34:04 INFO]: [Chunky] Task running for world. Processed: 45922 chunks (79.07%), ETA: 0:04:14, Rate: 47.9 cps, Current: 74, 105
[23:34:05 INFO]: [Chunky] Task running for world. Processed: 45972 chunks (79.15%), ETA: 0:04:13, Rate: 47.8 cps, Current: 76, 105
[23:34:06 INFO]: [Chunky] Task running for world. Processed: 46024 chunks (79.24%), ETA: 0:04:13, Rate: 47.6 cps, Current: 77, 119
[23:34:07 INFO]: [Chunky] Task running for world. Processed: 46080 chunks (79.34%), ETA: 0:04:11, Rate: 47.7 cps, Current: 81, 98
[23:34:08 INFO]: [Chunky] Task running for world. Processed: 46133 chunks (79.43%), ETA: 0:04:10, Rate: 47.8 cps, Current: 82, 110
[23:34:09 INFO]: [Chunky] Task running for world. Processed: 46186 chunks (79.52%), ETA: 0:04:07, Rate: 48.1 cps, Current: 85, 101
[23:34:10 INFO]: [Chunky] Task running for world. Processed: 46239 chunks (79.61%), ETA: 0:04:05, Rate: 48.3 cps, Current: 87, 102
[23:34:11 INFO]: [Chunky] Task running for world. Processed: 46289 chunks (79.70%), ETA: 0:04:03, Rate: 48.4 cps, Current: 89, 102
[23:34:12 INFO]: [Chunky] Task running for world. Processed: 46341 chunks (79.79%), ETA: 0:04:02, Rate: 48.4 cps, Current: 91, 103
[23:34:13 INFO]: [Chunky] Task running for world. Processed: 46389 chunks (79.87%), ETA: 0:04:02, Rate: 48.2 cps, Current: 93, 102
[23:34:14 INFO]: [Chunky] Task running for world. Processed: 46442 chunks (79.96%), ETA: 0:03:59, Rate: 48.6 cps, Current: 94, 115
[23:34:15 INFO]: [Chunky] Task running for world. Processed: 46497 chunks (80.06%), ETA: 0:03:55, Rate: 49.3 cps, Current: 96, 118
[23:34:16 INFO]: [Chunky] Task running for world. Processed: 46550 chunks (80.15%), ETA: 0:03:51, Rate: 49.9 cps, Current: 98, 120
[23:34:17 INFO]: [Chunky] Task running for world. Processed: 46605 chunks (80.24%), ETA: 0:03:48, Rate: 50.2 cps, Current: 101, 109
[23:34:18 INFO]: [Chunky] Task running for world. Processed: 46657 chunks (80.33%), ETA: 0:03:46, Rate: 50.4 cps, Current: 104, 99
[23:34:19 INFO]: [Chunky] Task running for world. Processed: 46711 chunks (80.42%), ETA: 0:03:45, Rate: 50.5 cps, Current: 106, 101
[23:34:20 INFO]: [Chunky] Task running for world. Processed: 46765 chunks (80.52%), ETA: 0:03:43, Rate: 50.7 cps, Current: 108, 103
[23:34:21 INFO]: [Chunky] Task running for world. Processed: 46817 chunks (80.61%), ETA: 0:03:42, Rate: 50.7 cps, Current: 109, 115
[23:34:22 INFO]: [Chunky] Task running for world. Processed: 46856 chunks (80.67%), ETA: 0:03:43, Rate: 50.3 cps, Current: 111, 109
[23:34:23 INFO]: [Chunky] Task running for world. Processed: 46892 chunks (80.74%), ETA: 0:03:45, Rate: 49.5 cps, Current: 113, 104
[23:34:24 INFO]: [Chunky] Task running for world. Processed: 46935 chunks (80.81%), ETA: 0:03:46, Rate: 49.3 cps, Current: 114, 110
[23:34:25 INFO]: [Chunky] Task running for world. Processed: 46991 chunks (80.91%), ETA: 0:03:44, Rate: 49.4 cps, Current: 116, 114
[23:34:26 INFO]: [Chunky] Task running for world. Processed: 47048 chunks (81.00%), ETA: 0:03:42, Rate: 49.6 cps, Current: 118, 119
[23:34:28 INFO]: [Chunky] Task running for world. Processed: 47080 chunks (81.06%), ETA: 0:03:45, Rate: 48.7 cps, Current: 120, 111
[23:34:29 INFO]: [Chunky] Task running for world. Processed: 47091 chunks (81.08%), ETA: 0:03:59, Rate: 46.0 cps, Current: 96, -98
[23:34:30 INFO]: [Chunky] Task running for world. Processed: 47137 chunks (81.16%), ETA: 0:03:59, Rate: 45.8 cps, Current: 97, -120
[23:34:31 INFO]: [Chunky] Task running for world. Processed: 47169 chunks (81.21%), ETA: 0:04:01, Rate: 45.1 cps, Current: 99, -119
[23:34:32 INFO]: [Chunky] Task running for world. Processed: 47210 chunks (81.28%), ETA: 0:04:02, Rate: 44.9 cps, Current: 101, -97
[23:34:34 INFO]: [Chunky] Task running for world. Processed: 47268 chunks (81.38%), ETA: 0:03:58, Rate: 45.4 cps, Current: 103, -120
[23:34:35 INFO]: [Chunky] Task running for world. Processed: 47331 chunks (81.49%), ETA: 0:03:54, Rate: 45.8 cps, Current: 106, -118
[23:34:36 INFO]: [Chunky] Task running for world. Processed: 47393 chunks (81.60%), ETA: 0:03:51, Rate: 46.1 cps, Current: 108, -114
[23:34:37 INFO]: [Chunky] Task running for world. Processed: 47473 chunks (81.74%), ETA: 0:03:47, Rate: 46.7 cps, Current: 111, -120
[23:34:38 INFO]: [Chunky] Task running for world. Processed: 47529 chunks (81.83%), ETA: 0:03:45, Rate: 46.9 cps, Current: 114, -119
[23:34:39 INFO]: [Chunky] Task running for world. Processed: 47593 chunks (81.94%), ETA: 0:03:42, Rate: 47.2 cps, Current: 116, -120
[23:34:40 INFO]: [Chunky] Task running for world. Processed: 47660 chunks (82.06%), ETA: 0:03:38, Rate: 47.7 cps, Current: 119, -107
[23:34:42 INFO]: [Chunky] Task running for world. Processed: 47690 chunks (82.11%), ETA: 0:03:50, Rate: 45.1 cps, Current: 64, -97
[23:34:43 INFO]: [Chunky] Task running for world. Processed: 47692 chunks (82.11%), ETA: 0:03:58, Rate: 43.5 cps, Current: 64, -98
[23:34:44 INFO]: [Chunky] Task running for world. Processed: 47741 chunks (82.20%), ETA: 0:04:01, Rate: 42.8 cps, Current: 66, -117
[23:34:45 INFO]: [Chunky] Task running for world. Processed: 47796 chunks (82.29%), ETA: 0:04:00, Rate: 42.9 cps, Current: 68, -99
[23:34:46 INFO]: [Chunky] Task running for world. Processed: 47857 chunks (82.40%), ETA: 0:03:58, Rate: 42.8 cps, Current: 70, -120
[23:34:47 INFO]: [Chunky] Task running for world. Processed: 47896 chunks (82.46%), ETA: 0:04:00, Rate: 42.4 cps, Current: 71, -120
[23:34:49 INFO]: [Chunky] Task running for world. Processed: 47973 chunks (82.60%), ETA: 0:03:55, Rate: 42.9 cps, Current: 75, -116
[23:34:50 INFO]: [Chunky] Task running for world. Processed: 48027 chunks (82.69%), ETA: 0:03:54, Rate: 42.8 cps, Current: 78, -98
[23:34:51 INFO]: [Chunky] Task running for world. Processed: 48088 chunks (82.79%), ETA: 0:03:51, Rate: 43.2 cps, Current: 80, -108
[23:34:52 INFO]: [Chunky] Task running for world. Processed: 48146 chunks (82.89%), ETA: 0:03:46, Rate: 43.8 cps, Current: 83, -97
[23:34:53 INFO]: [Chunky] Task running for world. Processed: 48214 chunks (83.01%), ETA: 0:03:39, Rate: 45.0 cps, Current: 85, -107
[23:34:54 INFO]: [Chunky] Task running for world. Processed: 48273 chunks (83.11%), ETA: 0:03:35, Rate: 45.5 cps, Current: 88, -116
[23:34:55 INFO]: [Chunky] Task running for world. Processed: 48359 chunks (83.26%), ETA: 0:03:28, Rate: 46.6 cps, Current: 91, -114
[23:34:56 INFO]: [Chunky] Task running for world. Processed: 48458 chunks (83.43%), ETA: 0:03:24, Rate: 47.1 cps, Current: 32, -97
[23:34:57 INFO]: [Chunky] Task running for world. Processed: 48462 chunks (83.44%), ETA: 0:03:28, Rate: 46.2 cps, Current: 33, -119
[23:34:59 INFO]: [Chunky] Task running for world. Processed: 48515 chunks (83.53%), ETA: 0:03:15, Rate: 48.9 cps, Current: 34, -111
[23:35:00 INFO]: [Chunky] Task running for world. Processed: 48591 chunks (83.66%), ETA: 0:03:10, Rate: 49.8 cps, Current: 37, -109
[23:35:01 INFO]: [Chunky] Task running for world. Processed: 48657 chunks (83.77%), ETA: 0:03:04, Rate: 51.0 cps, Current: 40, -101
[23:35:02 INFO]: [Chunky] Task running for world. Processed: 48716 chunks (83.88%), ETA: 0:03:01, Rate: 51.6 cps, Current: 42, -111
[23:35:03 INFO]: [Chunky] Task running for world. Processed: 48770 chunks (83.97%), ETA: 0:03:00, Rate: 51.6 cps, Current: 45, -97
[23:35:04 INFO]: [Chunky] Task running for world. Processed: 48826 chunks (84.07%), ETA: 0:03:00, Rate: 51.3 cps, Current: 47, -118
[23:35:05 INFO]: [Chunky] Task running for world. Processed: 48887 chunks (84.17%), ETA: 0:02:59, Rate: 51.3 cps, Current: 49, -109
[23:35:06 INFO]: [Chunky] Task running for world. Processed: 48938 chunks (84.26%), ETA: 0:03:01, Rate: 50.4 cps, Current: 52, -97
[23:35:07 INFO]: [Chunky] Task running for world. Processed: 48999 chunks (84.36%), ETA: 0:02:59, Rate: 50.6 cps, Current: 54, -103
[23:35:08 INFO]: [Chunky] Task running for world. Processed: 49057 chunks (84.46%), ETA: 0:02:59, Rate: 50.2 cps, Current: 56, -120
[23:35:09 INFO]: [Chunky] Task running for world. Processed: 49154 chunks (84.63%), ETA: 0:02:53, Rate: 51.3 cps, Current: 61, -120
[23:35:11 INFO]: [Chunky] Task running for world. Processed: 49226 chunks (84.75%), ETA: 0:02:44, Rate: 53.8 cps, Current: 0, -97
[23:35:12 INFO]: [Chunky] Task running for world. Processed: 49232 chunks (84.76%), ETA: 0:02:50, Rate: 51.8 cps, Current: 1, -117
[23:35:13 INFO]: [Chunky] Task running for world. Processed: 49308 chunks (84.90%), ETA: 0:02:41, Rate: 54.2 cps, Current: 3, -98
[23:35:14 INFO]: [Chunky] Task running for world. Processed: 49386 chunks (85.03%), ETA: 0:02:37, Rate: 55.3 cps, Current: 6, -101
[23:35:15 INFO]: [Chunky] Task running for world. Processed: 49448 chunks (85.14%), ETA: 0:02:35, Rate: 55.5 cps, Current: 9, -103
[23:35:16 INFO]: [Chunky] Task running for world. Processed: 49513 chunks (85.25%), ETA: 0:02:33, Rate: 55.9 cps, Current: 11, -120
[23:35:17 INFO]: [Chunky] Task running for world. Processed: 49580 chunks (85.36%), ETA: 0:02:29, Rate: 56.8 cps, Current: 14, -111
[23:35:18 INFO]: [Chunky] Task running for world. Processed: 49633 chunks (85.45%), ETA: 0:02:30, Rate: 56.0 cps, Current: 16, -120
[23:35:19 INFO]: [Chunky] Task running for world. Processed: 49683 chunks (85.54%), ETA: 0:02:29, Rate: 56.1 cps, Current: 19, -98
[23:35:20 INFO]: [Chunky] Task running for world. Processed: 49749 chunks (85.65%), ETA: 0:02:28, Rate: 56.2 cps, Current: 21, -107
[23:35:21 INFO]: [Chunky] Task running for world. Processed: 49802 chunks (85.75%), ETA: 0:02:27, Rate: 56.0 cps, Current: 24, -97
[23:35:22 INFO]: [Chunky] Task running for world. Processed: 49862 chunks (85.85%), ETA: 0:02:27, Rate: 55.9 cps, Current: 26, -114
[23:35:24 INFO]: [Chunky] Task running for world. Processed: 49994 chunks (86.08%), ETA: 0:02:24, Rate: 55.8 cps, Current: -32, -97
[23:35:26 INFO]: [Chunky] Task running for world. Processed: 49996 chunks (86.08%), ETA: 0:02:32, Rate: 52.9 cps, Current: -32, -98
[23:35:27 INFO]: [Chunky] Task running for world. Processed: 50044 chunks (86.16%), ETA: 0:02:27, Rate: 54.5 cps, Current: -30, -118
[23:35:28 INFO]: [Chunky] Task running for world. Processed: 50103 chunks (86.26%), ETA: 0:02:25, Rate: 54.8 cps, Current: -28, -109
[23:35:29 INFO]: [Chunky] Task running for world. Processed: 50177 chunks (86.39%), ETA: 0:02:24, Rate: 54.6 cps, Current: -25, -111
[23:35:30 INFO]: [Chunky] Task running for world. Processed: 50231 chunks (86.48%), ETA: 0:02:25, Rate: 54.1 cps, Current: -23, -107
[23:35:31 INFO]: [Chunky] Task running for world. Processed: 50277 chunks (86.56%), ETA: 0:02:26, Rate: 53.4 cps, Current: -21, -110
[23:35:32 INFO]: [Chunky] Task running for world. Processed: 50319 chunks (86.64%), ETA: 0:02:26, Rate: 52.9 cps, Current: -19, -117
[23:35:33 INFO]: [Chunky] Task running for world. Processed: 50378 chunks (86.74%), ETA: 0:02:25, Rate: 52.9 cps, Current: -16, -97
[23:35:34 INFO]: [Chunky] Task running for world. Processed: 50450 chunks (86.86%), ETA: 0:02:23, Rate: 53.2 cps, Current: -13, -97
[23:35:35 INFO]: [Chunky] Task running for world. Processed: 50521 chunks (86.98%), ETA: 0:02:20, Rate: 54.0 cps, Current: -11, -120
[23:35:36 INFO]: [Chunky] Task running for world. Processed: 50587 chunks (87.10%), ETA: 0:02:18, Rate: 54.1 cps, Current: -8, -105
[23:35:37 INFO]: [Chunky] Task running for world. Processed: 50690 chunks (87.27%), ETA: 0:02:12, Rate: 55.8 cps, Current: -3, -120
[23:35:39 INFO]: [Chunky] Task running for world. Processed: 50762 chunks (87.40%), ETA: 0:02:16, Rate: 53.5 cps, Current: -64, -97
[23:35:40 INFO]: [Chunky] Task running for world. Processed: 50765 chunks (87.40%), ETA: 0:02:21, Rate: 51.7 cps, Current: -63, -98
[23:35:41 INFO]: [Chunky] Task running for world. Processed: 50814 chunks (87.49%), ETA: 0:02:15, Rate: 53.4 cps, Current: -62, -116
[23:35:43 INFO]: [Chunky] Task running for world. Processed: 50881 chunks (87.60%), ETA: 0:02:16, Rate: 52.8 cps, Current: -60, -120
[23:35:44 INFO]: [Chunky] Task running for world. Processed: 50934 chunks (87.69%), ETA: 0:02:17, Rate: 52.0 cps, Current: -57, -119
[23:35:45 INFO]: [Chunky] Task running for world. Processed: 50979 chunks (87.77%), ETA: 0:02:17, Rate: 51.5 cps, Current: -55, -98
[23:35:46 INFO]: [Chunky] Task running for world. Processed: 51023 chunks (87.85%), ETA: 0:02:18, Rate: 50.8 cps, Current: -54, -112
[23:35:47 INFO]: [Chunky] Task running for world. Processed: 51074 chunks (87.94%), ETA: 0:02:19, Rate: 50.1 cps, Current: -51, -97
[23:35:48 INFO]: [Chunky] Task running for world. Processed: 51145 chunks (88.06%), ETA: 0:02:17, Rate: 50.6 cps, Current: -49, -120
[23:35:49 INFO]: [Chunky] Task running for world. Processed: 51213 chunks (88.18%), ETA: 0:02:14, Rate: 51.2 cps, Current: -46, -109
[23:35:50 INFO]: [Chunky] Task running for world. Processed: 51266 chunks (88.27%), ETA: 0:02:14, Rate: 50.7 cps, Current: -43, -97
[23:35:51 INFO]: [Chunky] Task running for world. Processed: 51331 chunks (88.38%), ETA: 0:02:12, Rate: 51.1 cps, Current: -41, -113
[23:35:52 INFO]: [Chunky] Task running for world. Processed: 51373 chunks (88.45%), ETA: 0:02:12, Rate: 50.6 cps, Current: -39, -114
[23:35:54 INFO]: [Chunky] Task running for world. Processed: 51530 chunks (88.72%), ETA: 0:02:07, Rate: 51.3 cps, Current: -96, -97
[23:35:56 INFO]: [Chunky] Task running for world. Processed: 51534 chunks (88.73%), ETA: 0:02:07, Rate: 51.3 cps, Current: -95, -118
[23:35:57 INFO]: [Chunky] Task running for world. Processed: 51603 chunks (88.85%), ETA: 0:02:04, Rate: 52.0 cps, Current: -93, -120
[23:35:58 INFO]: [Chunky] Task running for world. Processed: 51674 chunks (88.97%), ETA: 0:02:04, Rate: 51.5 cps, Current: -90, -108
[23:35:59 INFO]: [Chunky] Task running for world. Processed: 51745 chunks (89.09%), ETA: 0:02:01, Rate: 52.2 cps, Current: -88, -120
[23:36:00 INFO]: [Chunky] Task running for world. Processed: 51814 chunks (89.21%), ETA: 0:01:57, Rate: 53.1 cps, Current: -85, -104
[23:36:01 INFO]: [Chunky] Task running for world. Processed: 51886 chunks (89.33%), ETA: 0:01:55, Rate: 53.5 cps, Current: -82, -106
[23:36:02 INFO]: [Chunky] Task running for world. Processed: 51940 chunks (89.43%), ETA: 0:01:53, Rate: 54.0 cps, Current: -79, -119
[23:36:03 INFO]: [Chunky] Task running for world. Processed: 52010 chunks (89.55%), ETA: 0:01:51, Rate: 54.4 cps, Current: -76, -97
[23:36:04 INFO]: [Chunky] Task running for world. Processed: 52082 chunks (89.67%), ETA: 0:01:50, Rate: 54.3 cps, Current: -73, -97
[23:36:05 INFO]: [Chunky] Task running for world. Processed: 52132 chunks (89.76%), ETA: 0:01:51, Rate: 53.6 cps, Current: -71, -119
[23:36:09 INFO]: [Chunky] Task running for world. Processed: 52298 chunks (90.04%), ETA: 0:01:49, Rate: 52.7 cps, Current: -119, -119
[23:36:10 INFO]: [Chunky] Task running for world. Processed: 52374 chunks (90.17%), ETA: 0:01:46, Rate: 53.7 cps, Current: -117, -116
[23:36:11 INFO]: [Chunky] Task running for world. Processed: 52443 chunks (90.29%), ETA: 0:01:43, Rate: 54.3 cps, Current: -115, -100
[23:36:13 INFO]: [Chunky] Task running for world. Processed: 52497 chunks (90.39%), ETA: 0:01:42, Rate: 54.3 cps, Current: -113, -97
[23:36:14 INFO]: [Chunky] Task running for world. Processed: 52548 chunks (90.47%), ETA: 0:01:42, Rate: 54.0 cps, Current: -110, -110
[23:36:15 INFO]: [Chunky] Task running for world. Processed: 52610 chunks (90.58%), ETA: 0:01:40, Rate: 54.6 cps, Current: -107, -120
[23:36:16 INFO]: [Chunky] Task running for world. Processed: 52668 chunks (90.68%), ETA: 0:01:38, Rate: 55.0 cps, Current: -105, -110
[23:36:17 INFO]: [Chunky] Task running for world. Processed: 52717 chunks (90.76%), ETA: 0:01:37, Rate: 55.2 cps, Current: -103, -109
[23:36:18 INFO]: [Chunky] Task running for world. Processed: 52858 chunks (91.01%), ETA: 0:01:30, Rate: 57.8 cps, Current: -97, -104
[23:36:19 INFO]: [Chunky] Task running for world. Processed: 52874 chunks (91.03%), ETA: 0:01:33, Rate: 55.5 cps, Current: -120, -96
[23:36:20 INFO]: [Chunky] Task running for world. Processed: 52876 chunks (91.04%), ETA: 0:01:37, Rate: 53.1 cps, Current: -120, -95
[23:36:21 INFO]: [Chunky] Task running for world. Processed: 52880 chunks (91.05%), ETA: 0:01:40, Rate: 51.7 cps, Current: -120, -93
[23:36:22 INFO]: [Chunky] Task running for world. Processed: 52958 chunks (91.18%), ETA: 0:01:40, Rate: 50.9 cps, Current: -118, -77
[23:36:24 INFO]: [Chunky] Task running for world. Processed: 53023 chunks (91.29%), ETA: 0:01:39, Rate: 51.1 cps, Current: -115, -96
[23:36:25 INFO]: [Chunky] Task running for world. Processed: 53085 chunks (91.40%), ETA: 0:01:33, Rate: 53.2 cps, Current: -114, -77
[23:36:26 INFO]: [Chunky] Task running for world. Processed: 53133 chunks (91.48%), ETA: 0:01:34, Rate: 52.5 cps, Current: -113, -67
[23:36:27 INFO]: [Chunky] Task running for world. Processed: 53197 chunks (91.59%), ETA: 0:01:33, Rate: 52.5 cps, Current: -111, -69
[23:36:28 INFO]: [Chunky] Task running for world. Processed: 53259 chunks (91.70%), ETA: 0:01:31, Rate: 52.8 cps, Current: -108, -91
[23:36:29 INFO]: [Chunky] Task running for world. Processed: 53311 chunks (91.79%), ETA: 0:01:31, Rate: 52.2 cps, Current: -107, -75
[23:36:30 INFO]: [Chunky] Task running for world. Processed: 53367 chunks (91.88%), ETA: 0:01:31, Rate: 51.8 cps, Current: -105, -83
[23:36:31 INFO]: [Chunky] Task running for world. Processed: 53430 chunks (91.99%), ETA: 0:01:30, Rate: 51.5 cps, Current: -103, -84
[23:36:32 INFO]: [Chunky] Task running for world. Processed: 53523 chunks (92.15%), ETA: 0:01:26, Rate: 52.9 cps, Current: -100, -80
[23:36:34 INFO]: [Chunky] Task running for world. Processed: 53642 chunks (92.36%), ETA: 0:01:24, Rate: 52.4 cps, Current: -120, -64
[23:36:35 INFO]: [Chunky] Task running for world. Processed: 53644 chunks (92.36%), ETA: 0:01:33, Rate: 47.5 cps, Current: -120, -63
[23:36:36 INFO]: [Chunky] Task running for world. Processed: 53646 chunks (92.36%), ETA: 0:01:27, Rate: 50.5 cps, Current: -120, -62
[23:36:37 INFO]: [Chunky] Task running for world. Processed: 53717 chunks (92.49%), ETA: 0:01:25, Rate: 51.2 cps, Current: -118, -53
[23:36:38 INFO]: [Chunky] Task running for world. Processed: 53766 chunks (92.57%), ETA: 0:01:24, Rate: 51.1 cps, Current: -117, -38
[23:36:39 INFO]: [Chunky] Task running for world. Processed: 53830 chunks (92.68%), ETA: 0:01:22, Rate: 51.5 cps, Current: -115, -40
[23:36:40 INFO]: [Chunky] Task running for world. Processed: 53897 chunks (92.80%), ETA: 0:01:21, Rate: 51.1 cps, Current: -113, -39
[23:36:41 INFO]: [Chunky] Task running for world. Processed: 53959 chunks (92.90%), ETA: 0:01:21, Rate: 50.9 cps, Current: -110, -62
[23:36:42 INFO]: [Chunky] Task running for world. Processed: 54017 chunks (93.00%), ETA: 0:01:19, Rate: 51.0 cps, Current: -109, -41
[23:36:43 INFO]: [Chunky] Task running for world. Processed: 54068 chunks (93.09%), ETA: 0:01:18, Rate: 51.2 cps, Current: -108, -33
[23:36:44 INFO]: [Chunky] Task running for world. Processed: 54131 chunks (93.20%), ETA: 0:01:17, Rate: 51.2 cps, Current: -105, -55
[23:36:45 INFO]: [Chunky] Task running for world. Processed: 54172 chunks (93.27%), ETA: 0:01:17, Rate: 50.6 cps, Current: -104, -46
[23:36:46 INFO]: [Chunky] Task running for world. Processed: 54232 chunks (93.37%), ETA: 0:01:15, Rate: 51.0 cps, Current: -102, -50
[23:36:49 INFO]: [Chunky] Task running for world. Processed: 54410 chunks (93.68%), ETA: 0:01:10, Rate: 52.0 cps, Current: -120, -32
[23:36:50 INFO]: [Chunky] Task running for world. Processed: 54412 chunks (93.68%), ETA: 0:01:10, Rate: 52.3 cps, Current: -120, -31
[23:36:51 INFO]: [Chunky] Task running for world. Processed: 54416 chunks (93.69%), ETA: 0:01:09, Rate: 52.4 cps, Current: -120, -9
[23:36:52 INFO]: [Chunky] Task running for world. Processed: 54494 chunks (93.82%), ETA: 0:01:08, Rate: 52.4 cps, Current: -118, -13
[23:36:53 INFO]: [Chunky] Task running for world. Processed: 54559 chunks (93.94%), ETA: 0:01:07, Rate: 52.3 cps, Current: -115, -32
[23:36:54 INFO]: [Chunky] Task running for world. Processed: 54620 chunks (94.04%), ETA: 0:01:05, Rate: 53.0 cps, Current: -114, -14
[23:36:55 INFO]: [Chunky] Task running for world. Processed: 54668 chunks (94.12%), ETA: 0:01:05, Rate: 52.5 cps, Current: -113, -4
[23:36:56 INFO]: [Chunky] Task running for world. Processed: 54728 chunks (94.23%), ETA: 0:01:04, Rate: 52.4 cps, Current: -110, -28
[23:36:57 INFO]: [Chunky] Task running for world. Processed: 54777 chunks (94.31%), ETA: 0:01:03, Rate: 52.1 cps, Current: -109, -17
[23:36:58 INFO]: [Chunky] Task running for world. Processed: 54829 chunks (94.40%), ETA: 0:01:02, Rate: 52.2 cps, Current: -108, -4
[23:36:59 INFO]: [Chunky] Task running for world. Processed: 54872 chunks (94.47%), ETA: 0:01:02, Rate: 51.5 cps, Current: -106, -18
[23:37:00 INFO]: [Chunky] Task running for world. Processed: 54932 chunks (94.58%), ETA: 0:01:01, Rate: 51.4 cps, Current: -105, -1
[23:37:01 INFO]: [Chunky] Task running for world. Processed: 54975 chunks (94.65%), ETA: 0:01:01, Rate: 50.7 cps, Current: -103, -14
[23:37:02 INFO]: [Chunky] Task running for world. Processed: 55071 chunks (94.82%), ETA: 0:00:59, Rate: 50.8 cps, Current: -101, -1
[23:37:04 INFO]: [Chunky] Task running for world. Processed: 55178 chunks (95.00%), ETA: 0:00:56, Rate: 51.2 cps, Current: -120, 0
[23:37:05 INFO]: [Chunky] Task running for world. Processed: 55180 chunks (95.01%), ETA: 0:00:56, Rate: 51.5 cps, Current: -120, 1
[23:37:06 INFO]: [Chunky] Task running for world. Processed: 55182 chunks (95.01%), ETA: 0:00:57, Rate: 50.3 cps, Current: -120, 2
[23:37:07 INFO]: [Chunky] Task running for world. Processed: 55230 chunks (95.09%), ETA: 0:00:56, Rate: 50.3 cps, Current: -119, 20
[23:37:08 INFO]: [Chunky] Task running for world. Processed: 55276 chunks (95.17%), ETA: 0:00:56, Rate: 49.7 cps, Current: -117, 2
[23:37:09 INFO]: [Chunky] Task running for world. Processed: 55314 chunks (95.24%), ETA: 0:00:56, Rate: 48.7 cps, Current: -116, 8
[23:37:10 INFO]: [Chunky] Task running for world. Processed: 55367 chunks (95.33%), ETA: 0:00:56, Rate: 48.3 cps, Current: -115, 25
[23:37:11 INFO]: [Chunky] Task running for world. Processed: 55409 chunks (95.40%), ETA: 0:00:55, Rate: 47.8 cps, Current: -113, 7
[23:37:13 INFO]: [Chunky] Task running for world. Processed: 55470 chunks (95.50%), ETA: 0:00:54, Rate: 47.9 cps, Current: -112, 29
[23:37:14 INFO]: [Chunky] Task running for world. Processed: 55522 chunks (95.59%), ETA: 0:00:53, Rate: 47.6 cps, Current: -110, 24
[23:37:15 INFO]: [Chunky] Task running for world. Processed: 55571 chunks (95.68%), ETA: 0:00:52, Rate: 47.9 cps, Current: -108, 9
[23:37:16 INFO]: [Chunky] Task running for world. Processed: 55605 chunks (95.74%), ETA: 0:00:52, Rate: 46.9 cps, Current: -107, 11
[23:37:17 INFO]: [Chunky] Task running for world. Processed: 55666 chunks (95.84%), ETA: 0:00:53, Rate: 44.9 cps, Current: -105, 8
[23:37:18 INFO]: [Chunky] Task running for world. Processed: 55704 chunks (95.91%), ETA: 0:00:53, Rate: 44.5 cps, Current: -104, 14
[23:37:19 INFO]: [Chunky] Task running for world. Processed: 55766 chunks (96.01%), ETA: 0:00:49, Rate: 46.5 cps, Current: -102, 12
[23:37:20 INFO]: [Chunky] Task running for world. Processed: 55841 chunks (96.14%), ETA: 0:00:45, Rate: 49.0 cps, Current: -100, 18
[23:37:22 INFO]: [Chunky] Task running for world. Processed: 55946 chunks (96.32%), ETA: 0:00:44, Rate: 48.5 cps, Current: -120, 32
[23:37:23 INFO]: [Chunky] Task running for world. Processed: 55948 chunks (96.33%), ETA: 0:00:46, Rate: 45.8 cps, Current: -120, 33
[23:37:24 INFO]: [Chunky] Task running for world. Processed: 55952 chunks (96.33%), ETA: 0:00:48, Rate: 44.2 cps, Current: -120, 39
[23:37:25 INFO]: [Chunky] Task running for world. Processed: 56029 chunks (96.47%), ETA: 0:00:45, Rate: 44.8 cps, Current: -117, 32
[23:37:26 INFO]: [Chunky] Task running for world. Processed: 56084 chunks (96.56%), ETA: 0:00:44, Rate: 45.0 cps, Current: -116, 42
[23:37:27 INFO]: [Chunky] Task running for world. Processed: 56135 chunks (96.65%), ETA: 0:00:43, Rate: 44.9 cps, Current: -115, 57
[23:37:28 INFO]: [Chunky] Task running for world. Processed: 56193 chunks (96.75%), ETA: 0:00:41, Rate: 45.4 cps, Current: -112, 32
[23:37:29 INFO]: [Chunky] Task running for world. Processed: 56243 chunks (96.84%), ETA: 0:00:40, Rate: 45.0 cps, Current: -111, 41
[23:37:30 INFO]: [Chunky] Task running for world. Processed: 56302 chunks (96.94%), ETA: 0:00:38, Rate: 45.7 cps, Current: -110, 60
[23:37:31 INFO]: [Chunky] Task running for world. Processed: 56342 chunks (97.01%), ETA: 0:00:39, Rate: 43.7 cps, Current: -108, 44
[23:37:32 INFO]: [Chunky] Task running for world. Processed: 56399 chunks (97.10%), ETA: 0:00:38, Rate: 43.2 cps, Current: -107, 62
[23:37:33 INFO]: [Chunky] Task running for world. Processed: 56439 chunks (97.17%), ETA: 0:00:38, Rate: 42.8 cps, Current: -105, 45
[23:37:34 INFO]: [Chunky] Task running for world. Processed: 56489 chunks (97.26%), ETA: 0:00:35, Rate: 44.5 cps, Current: -103, 35
[23:37:35 INFO]: [Chunky] Task running for world. Processed: 56533 chunks (97.33%), ETA: 0:00:33, Rate: 46.5 cps, Current: -102, 43
[23:37:36 INFO]: [Chunky] Task running for world. Processed: 56609 chunks (97.47%), ETA: 0:00:30, Rate: 47.5 cps, Current: -99, 36
[23:37:38 INFO]: [Chunky] Task running for world. Processed: 56714 chunks (97.65%), ETA: 0:00:28, Rate: 48.1 cps, Current: -120, 64
[23:37:39 INFO]: [Chunky] Task running for world. Processed: 56716 chunks (97.65%), ETA: 0:00:29, Rate: 46.8 cps, Current: -120, 65
[23:37:40 INFO]: [Chunky] Task running for world. Processed: 56720 chunks (97.66%), ETA: 0:00:30, Rate: 45.2 cps, Current: -120, 67
[23:37:41 INFO]: [Chunky] Task running for world. Processed: 56798 chunks (97.79%), ETA: 0:00:27, Rate: 46.4 cps, Current: -118, 83
[23:37:42 INFO]: [Chunky] Task running for world. Processed: 56863 chunks (97.90%), ETA: 0:00:26, Rate: 46.7 cps, Current: -115, 64
[23:37:44 INFO]: [Chunky] Task running for world. Processed: 56929 chunks (98.02%), ETA: 0:00:24, Rate: 47.0 cps, Current: -113, 64
[23:37:45 INFO]: [Chunky] Task running for world. Processed: 56987 chunks (98.12%), ETA: 0:00:23, Rate: 47.3 cps, Current: -112, 81
[23:37:46 INFO]: [Chunky] Task running for world. Processed: 57037 chunks (98.20%), ETA: 0:00:21, Rate: 47.8 cps, Current: -111, 91
[23:37:47 INFO]: [Chunky] Task running for world. Processed: 57096 chunks (98.30%), ETA: 0:00:20, Rate: 48.2 cps, Current: -108, 66
[23:37:48 INFO]: [Chunky] Task running for world. Processed: 57139 chunks (98.38%), ETA: 0:00:19, Rate: 47.9 cps, Current: -108, 94
[23:37:49 INFO]: [Chunky] Task running for world. Processed: 57180 chunks (98.45%), ETA: 0:00:19, Rate: 46.2 cps, Current: -106, 82
[23:37:50 INFO]: [Chunky] Task running for world. Processed: 57231 chunks (98.54%), ETA: 0:00:18, Rate: 45.8 cps, Current: -104, 69
[23:37:51 INFO]: [Chunky] Task running for world. Processed: 57270 chunks (98.60%), ETA: 0:00:17, Rate: 45.5 cps, Current: -103, 76
[23:37:52 INFO]: [Chunky] Task running for world. Processed: 57329 chunks (98.71%), ETA: 0:00:15, Rate: 47.7 cps, Current: -101, 71
[23:37:55 INFO]: [Chunky] Task running for world. Processed: 57482 chunks (98.97%), ETA: 0:00:12, Rate: 48.9 cps, Current: -120, 96
[23:37:56 INFO]: [Chunky] Task running for world. Processed: 57486 chunks (98.98%), ETA: 0:00:12, Rate: 46.9 cps, Current: -118, 96
[23:37:57 INFO]: [Chunky] Task running for world. Processed: 57535 chunks (99.06%), ETA: 0:00:11, Rate: 46.3 cps, Current: -118, 99
[23:37:58 INFO]: [Chunky] Task running for world. Processed: 57589 chunks (99.15%), ETA: 0:00:10, Rate: 46.4 cps, Current: -116, 101
[23:37:59 INFO]: [Chunky] Task running for world. Processed: 57662 chunks (99.28%), ETA: 0:00:08, Rate: 46.9 cps, Current: -114, 119
[23:38:00 INFO]: [Chunky] Task running for world. Processed: 57717 chunks (99.37%), ETA: 0:00:07, Rate: 47.3 cps, Current: -110, 96
[23:38:01 INFO]: [Chunky] Task running for world. Processed: 57770 chunks (99.46%), ETA: 0:00:06, Rate: 47.2 cps, Current: -108, 97
[23:38:02 INFO]: [Chunky] Task running for world. Processed: 57819 chunks (99.55%), ETA: 0:00:05, Rate: 47.8 cps, Current: -108, 120
[23:38:03 INFO]: [Chunky] Task running for world. Processed: 57873 chunks (99.64%), ETA: 0:00:04, Rate: 48.0 cps, Current: -104, 97
[23:38:04 INFO]: [Chunky] Task running for world. Processed: 57924 chunks (99.73%), ETA: 0:00:03, Rate: 48.0 cps, Current: -102, 99
[23:38:05 INFO]: [Chunky] Task finished for world. Processed: 58081 chunks (100.00%), Total time: 0:20:18
